/*******************************************************************************
 * Size: 34 px
 * Bpp: 4
 * Opts: --font /tmp/sfr-semibold.ttf --size 34 --bpp 4 --range 0x20-0x7F --no-compress --format lvgl -o frij_sf_display.c
 ******************************************************************************/

#ifdef LV_LVGL_H_INCLUDE_SIMPLE
#include "lvgl.h"
#else
#include "lvgl/lvgl.h"
#endif

#ifndef FRIJ_SF_DISPLAY
#define FRIJ_SF_DISPLAY 1
#endif

#if FRIJ_SF_DISPLAY

/*-----------------
 *    BITMAPS
 *----------------*/

/*Store the image of the glyphs*/
static LV_ATTRIBUTE_LARGE_CONST const uint8_t glyph_bitmap[] = {
    /* U+0020 " " */

    /* U+0021 "!" */
    0x4, 0xee, 0x70, 0xe, 0xff, 0xf1, 0xf, 0xff,
    0xf3, 0xf, 0xff, 0xf2, 0xf, 0xff, 0xf2, 0xf,
    0xff, 0xf2, 0xe, 0xff, 0xf1, 0xe, 0xff, 0xf1,
    0xe, 0xff, 0xf1, 0xe, 0xff, 0xf0, 0xd, 0xff,
    0xf0, 0xd, 0xff, 0xf0, 0xd, 0xff, 0xf0, 0xc,
    0xff, 0xf0, 0xc, 0xff, 0xf0, 0x9, 0xff, 0xc0,
    0x1, 0x89, 0x20, 0x0, 0x0, 0x0, 0x0, 0x0,
    0x0, 0x2, 0x9a, 0x40, 0x1e, 0xff, 0xf3, 0x4f,
    0xff, 0xf7, 0x2f, 0xff, 0xf4, 0x5, 0xee, 0x80,

    /* U+0022 "\"" */
    0x7, 0xfd, 0x10, 0x0, 0x4e, 0xe3, 0xf, 0xff,
    0x80, 0x0, 0xcf, 0xfb, 0x1f, 0xff, 0x90, 0x0,
    0xdf, 0xfc, 0x1f, 0xff, 0x90, 0x0, 0xdf, 0xfc,
    0x1f, 0xff, 0x90, 0x0, 0xdf, 0xfc, 0x1f, 0xff,
    0x90, 0x0, 0xdf, 0xfc, 0x1f, 0xff, 0x90, 0x0,
    0xdf, 0xfc, 0xf, 0xff, 0x90, 0x0, 0xdf, 0xfc,
    0xe, 0xff, 0x70, 0x0, 0xbf, 0xfa, 0x3, 0xa8,
    0x0, 0x0, 0x2a, 0x91,

    /* U+0023 "#" */
    0x0, 0x0, 0x0, 0x0, 0x6f, 0xd1, 0x0, 0x0,
    0x6f, 0xd1, 0x0, 0x0, 0x0, 0x0, 0x0, 0xe,
    0xff, 0x40, 0x0, 0xe, 0xff, 0x40, 0x0, 0x0,
    0x0, 0x0, 0x2, 0xff, 0xf1, 0x0, 0x2, 0xff,
    0xf1, 0x0, 0x0, 0x0, 0x0, 0x0, 0x6f, 0xfe,
    0x0, 0x0, 0x5f, 0xfe, 0x0, 0x0, 0x0, 0x0,
    0x0, 0x9, 0xff, 0xa0, 0x0, 0x9, 0xff, 0xa0,
    0x0, 0x0, 0x0, 0x0, 0x0, 0xdf, 0xf7, 0x0,
    0x0, 0xdf, 0xf7, 0x0, 0x0, 0x0, 0x1c, 0xff,
    0xff, 0xff, 0xff, 0xff, 0xff, 0xff, 0xff, 0xfc,
    0x0, 0x7, 0xff, 0xff, 0xff, 0xff, 0xff, 0xff,
    0xff, 0xff, 0xff, 0xf3, 0x0, 0x4f, 0xff, 0xff,
    0xff, 0xff, 0xff, 0xff, 0xff, 0xff, 0xfc, 0x0,
    0x0, 0x12, 0x2b, 0xff, 0x82, 0x22, 0x28, 0xff,
    0xa2, 0x22, 0x0, 0x0, 0x0, 0x0, 0xdf, 0xf3,
    0x0, 0x0, 0xaf, 0xf6, 0x0, 0x0, 0x0, 0x0,
    0x0, 0xf, 0xff, 0x0, 0x0, 0xe, 0xff, 0x30,
    0x0, 0x0, 0x0, 0x0, 0x4, 0xff, 0xc0, 0x0,
    0x2, 0xff, 0xf0, 0x0, 0x0, 0x0, 0x0, 0x0,
    0x7f, 0xf9, 0x0, 0x0, 0x5f, 0xfc, 0x0, 0x0,
    0x0, 0x7, 0xff, 0xff, 0xff, 0xff, 0xff, 0xff,
    0xff, 0xff, 0xff, 0x50, 0x0, 0xff, 0xff, 0xff,
    0xff, 0xff, 0xff, 0xff, 0xff, 0xff, 0xfa, 0x0,
    0xb, 0xff, 0xff, 0xff, 0xff, 0xff, 0xff, 0xff,
    0xff, 0xff, 0x40, 0x0, 0x2, 0x26, 0xff, 0xf2,
    0x22, 0x26, 0xff, 0xf2, 0x22, 0x0, 0x0, 0x0,
    0x0, 0x7f, 0xfc, 0x0, 0x0, 0x7f, 0xfc, 0x0,
    0x0, 0x0, 0x0, 0x0, 0xa, 0xff, 0x80, 0x0,
    0xa, 0xff, 0x90, 0x0, 0x0, 0x0, 0x0, 0x0,
    0xef, 0xf5, 0x0, 0x0, 0xdf, 0xf5, 0x0, 0x0,
    0x0, 0x0, 0x0, 0x1f, 0xff, 0x20, 0x0, 0x1f,
    0xff, 0x20, 0x0, 0x0, 0x0, 0x0, 0x3, 0xff,
    0xf0, 0x0, 0x3, 0xff, 0xe0, 0x0, 0x0, 0x0,
    0x0, 0x0, 0xc, 0xf6, 0x0, 0x0, 0xc, 0xf6,
    0x0, 0x0, 0x0, 0x0,

    /* U+0024 "$" */
    0x0, 0x0, 0x0, 0x0, 0x52, 0x0, 0x0, 0x0,
    0x0, 0x0, 0x0, 0x0, 0x1, 0xf9, 0x0, 0x0,
    0x0, 0x0, 0x0, 0x0, 0x0, 0x2, 0xfa, 0x0,
    0x0, 0x0, 0x0, 0x0, 0x0, 0x28, 0xcf, 0xff,
    0xda, 0x50, 0x0, 0x0, 0x0, 0x19, 0xff, 0xff,
    0xff, 0xff, 0xfd, 0x40, 0x0, 0x1, 0xdf, 0xff,
    0xff, 0xff, 0xff, 0xff, 0xf5, 0x0, 0xb, 0xff,
    0xff, 0xb9, 0xff, 0xaf, 0xff, 0xff, 0x20, 0x4f,
    0xff, 0xf4, 0x2, 0xfa, 0x2, 0xef, 0xff, 0xa0,
    0x8f, 0xff, 0x90, 0x2, 0xfa, 0x0, 0x3f, 0xff,
    0xf0, 0xaf, 0xff, 0x60, 0x2, 0xfa, 0x0, 0xa,
    0xff, 0xd0, 0xaf, 0xff, 0xa0, 0x2, 0xfa, 0x0,
    0x0, 0x78, 0x20, 0x7f, 0xff, 0xf7, 0x2, 0xfa,
    0x0, 0x0, 0x0, 0x0, 0x2f, 0xff, 0xff, 0xda,
    0xfa, 0x0, 0x0, 0x0, 0x0, 0x8, 0xff, 0xff,
    0xff, 0xff, 0xc7, 0x20, 0x0, 0x0, 0x0, 0x8f,
    0xff, 0xff, 0xff, 0xff, 0xfc, 0x40, 0x0, 0x0,
    0x3, 0xbf, 0xff, 0xff, 0xff, 0xff, 0xf9, 0x0,
    0x0, 0x0, 0x1, 0x5c, 0xff, 0xff, 0xff, 0xff,
    0x80, 0x0, 0x0, 0x0, 0x2, 0xfc, 0x6c, 0xff,
    0xff, 0xf1, 0x0, 0x0, 0x0, 0x2, 0xfa, 0x0,
    0x6f, 0xff, 0xf5, 0x18, 0x81, 0x0, 0x2, 0xfa,
    0x0, 0xc, 0xff, 0xf7, 0xbf, 0xfc, 0x0, 0x2,
    0xfa, 0x0, 0x9, 0xff, 0xf7, 0xdf, 0xff, 0x60,
    0x2, 0xfa, 0x0, 0xc, 0xff, 0xf4, 0x8f, 0xff,
    0xe3, 0x2, 0xfa, 0x0, 0x7f, 0xff, 0xf0, 0x1f,
    0xff, 0xff, 0xb9, 0xff, 0x8d, 0xff, 0xff, 0x70,
    0x4, 0xff, 0xff, 0xff, 0xff, 0xff, 0xff, 0xf9,
    0x0, 0x0, 0x2c, 0xff, 0xff, 0xff, 0xff, 0xfe,
    0x60, 0x0, 0x0, 0x0, 0x39, 0xcf, 0xff, 0xda,
    0x61, 0x0, 0x0, 0x0, 0x0, 0x0, 0x2, 0xfa,
    0x0, 0x0, 0x0, 0x0, 0x0, 0x0, 0x0, 0x2,
    0xfa, 0x0, 0x0, 0x0, 0x0, 0x0, 0x0, 0x0,
    0x0, 0xd6, 0x0, 0x0, 0x0, 0x0,

    /* U+0025 "%" */
    0x0, 0x4b, 0xff, 0xd7, 0x0, 0x0, 0x0, 0x0,
    0x0, 0x3, 0xdd, 0x10, 0x0, 0x0, 0x7f, 0xff,
    0xff, 0xfc, 0x0, 0x0, 0x0, 0x0, 0x1, 0xef,
    0xf5, 0x0, 0x0, 0x3f, 0xff, 0xa8, 0xff, 0xf8,
    0x0, 0x0, 0x0, 0x0, 0xaf, 0xfd, 0x0, 0x0,
    0xa, 0xff, 0xa0, 0x5, 0xff, 0xf0, 0x0, 0x0,
    0x0, 0x5f, 0xff, 0x30, 0x0, 0x0, 0xdf, 0xf4,
    0x0, 0xf, 0xff, 0x30, 0x0, 0x0, 0x1e, 0xff,
    0x70, 0x0, 0x0, 0xf, 0xff, 0x30, 0x0, 0xdf,
    0xf4, 0x0, 0x0, 0xb, 0xff, 0xc0, 0x0, 0x0,
    0x0, 0xff, 0xf3, 0x0, 0xd, 0xff, 0x40, 0x0,
    0x7, 0xff, 0xf1, 0x0, 0x0, 0x0, 0xd, 0xff,
    0x40, 0x0, 0xff, 0xf3, 0x0, 0x2, 0xff, 0xf5,
    0x0, 0x0, 0x0, 0x0, 0xaf, 0xfa, 0x0, 0x5f,
    0xff, 0x0, 0x0, 0xdf, 0xfa, 0x0, 0x0, 0x0,
    0x0, 0x3, 0xff, 0xfa, 0x8f, 0xff, 0x80, 0x0,
    0x8f, 0xfe, 0x10, 0x0, 0x0, 0x0, 0x0, 0x7,
    0xff, 0xff, 0xff, 0xc0, 0x0, 0x4f, 0xff, 0x30,
    0x0, 0x0, 0x0, 0x0, 0x0, 0x4, 0xbf, 0xfd,
    0x70, 0x0, 0x1e, 0xff, 0x80, 0x0, 0x4, 0x65,
    0x20, 0x0, 0x0, 0x0, 0x0, 0x0, 0x0, 0xa,
    0xff, 0xc0, 0x0, 0x4e, 0xff, 0xff, 0xa0, 0x0,
    0x0, 0x0, 0x0, 0x0, 0x5, 0xff, 0xf2, 0x0,
    0x3f, 0xff, 0xff, 0xff, 0xb0, 0x0, 0x0, 0x0,
    0x0, 0x2, 0xff, 0xf6, 0x0, 0xc, 0xff, 0xa1,
    0x4f, 0xff, 0x40, 0x0, 0x0, 0x0, 0x0, 0xcf,
    0xfb, 0x0, 0x2, 0xff, 0xf1, 0x0, 0x9f, 0xfa,
    0x0, 0x0, 0x0, 0x0, 0x7f, 0xfe, 0x10, 0x0,
    0x5f, 0xfd, 0x0, 0x5, 0xff, 0xd0, 0x0, 0x0,
    0x0, 0x3f, 0xff, 0x50, 0x0, 0x6, 0xff, 0xc0,
    0x0, 0x4f, 0xfe, 0x0, 0x0, 0x0, 0xd, 0xff,
    0xa0, 0x0, 0x0, 0x6f, 0xfc, 0x0, 0x4, 0xff,
    0xd0, 0x0, 0x0, 0x9, 0xff, 0xe0, 0x0, 0x0,
    0x4, 0xff, 0xe0, 0x0, 0x6f, 0xfc, 0x0, 0x0,
    0x5, 0xff, 0xf3, 0x0, 0x0, 0x0, 0xf, 0xff,
    0x40, 0xc, 0xff, 0x80, 0x0, 0x1, 0xef, 0xf8,
    0x0, 0x0, 0x0, 0x0, 0x9f, 0xfe, 0x8b, 0xff,
    0xf1, 0x0, 0x0, 0x7f, 0xfd, 0x0, 0x0, 0x0,
    0x0, 0x0, 0xcf, 0xff, 0xff, 0xf5, 0x0, 0x0,
    0x3, 0xed, 0x20, 0x0, 0x0, 0x0, 0x0, 0x0,
    0x8d, 0xfe, 0xb3, 0x0,

    /* U+0026 "&" */
    0x0, 0x0, 0x1, 0x7c, 0xef, 0xeb, 0x60, 0x0,
    0x0, 0x0, 0x0, 0x0, 0x5, 0xef, 0xff, 0xff,
    0xff, 0xd2, 0x0, 0x0, 0x0, 0x0, 0x4, 0xff,
    0xff, 0xff, 0xff, 0xff, 0xd0, 0x0, 0x0, 0x0,
    0x0, 0xdf, 0xff, 0x91, 0x2, 0xcf, 0xff, 0x70,
    0x0, 0x0, 0x0, 0x1f, 0xff, 0xc0, 0x0, 0x1,
    0xff, 0xfa, 0x0, 0x0, 0x0, 0x3, 0xff, 0xf8,
    0x0, 0x0, 0xd, 0xff, 0xb0, 0x0, 0x0, 0x0,
    0x1f, 0xff, 0xa0, 0x0, 0x0, 0xff, 0xf8, 0x0,
    0x0, 0x0, 0x0, 0xbf, 0xff, 0x10, 0x0, 0x7f,
    0xff, 0x20, 0x0, 0x0, 0x0, 0x2, 0xff, 0xfc,
    0x0, 0x7f, 0xff, 0x60, 0x0, 0x0, 0x0, 0x0,
    0x5, 0xff, 0xfb, 0xcf, 0xfe, 0x50, 0x0, 0x3,
    0x10, 0x0, 0x0, 0x9, 0xff, 0xff, 0xfa, 0x10,
    0x0, 0xc, 0xfe, 0x10, 0x0, 0x1a, 0xff, 0xff,
    0xff, 0x50, 0x0, 0x1, 0xff, 0xf6, 0x0, 0x5f,
    0xff, 0xfd, 0xff, 0xff, 0x40, 0x0, 0x2f, 0xff,
    0x50, 0x5f, 0xff, 0xf6, 0x7, 0xff, 0xff, 0x30,
    0x3, 0xff, 0xf4, 0x1f, 0xff, 0xf4, 0x0, 0x8,
    0xff, 0xfe, 0x20, 0x6f, 0xff, 0x27, 0xff, 0xf9,
    0x0, 0x0, 0x9, 0xff, 0xfe, 0x1b, 0xff, 0xe0,
    0xbf, 0xff, 0x40, 0x0, 0x0, 0xa, 0xff, 0xfe,
    0xff, 0xfa, 0xc, 0xff, 0xf4, 0x0, 0x0, 0x0,
    0xb, 0xff, 0xff, 0xff, 0x30, 0xbf, 0xff, 0x80,
    0x0, 0x0, 0x0, 0xc, 0xff, 0xff, 0xb0, 0x7,
    0xff, 0xff, 0x30, 0x0, 0x0, 0x1, 0xcf, 0xff,
    0xfc, 0x0, 0x1e, 0xff, 0xff, 0x94, 0x22, 0x49,
    0xff, 0xff, 0xff, 0xfb, 0x0, 0x4f, 0xff, 0xff,
    0xff, 0xff, 0xff, 0xff, 0xde, 0xff, 0xf9, 0x0,
    0x3d, 0xff, 0xff, 0xff, 0xff, 0xfe, 0x80, 0x3f,
    0xff, 0xc0, 0x0, 0x4, 0x9d, 0xef, 0xed, 0x95,
    0x0, 0x0, 0x3d, 0xe5,

    /* U+0027 "'" */
    0x7, 0xfd, 0x10, 0xff, 0xf8, 0x1f, 0xff, 0x91,
    0xff, 0xf9, 0x1f, 0xff, 0x91, 0xff, 0xf9, 0x1f,
    0xff, 0x90, 0xff, 0xf9, 0xe, 0xff, 0x70, 0x3a,
    0x80,

    /* U+0028 "(" */
    0x0, 0x0, 0x1c, 0xf7, 0x0, 0x0, 0xdf, 0xfb,
    0x0, 0x8, 0xff, 0xf5, 0x0, 0x2f, 0xff, 0xd0,
    0x0, 0xbf, 0xff, 0x60, 0x2, 0xff, 0xff, 0x10,
    0x8, 0xff, 0xfa, 0x0, 0xe, 0xff, 0xf6, 0x0,
    0x2f, 0xff, 0xf1, 0x0, 0x6f, 0xff, 0xe0, 0x0,
    0x9f, 0xff, 0xb0, 0x0, 0xbf, 0xff, 0x90, 0x0,
    0xdf, 0xff, 0x70, 0x0, 0xef, 0xff, 0x60, 0x0,
    0xef, 0xff, 0x60, 0x0, 0xef, 0xff, 0x60, 0x0,
    0xdf, 0xff, 0x70, 0x0, 0xcf, 0xff, 0x80, 0x0,
    0xbf, 0xff, 0xa0, 0x0, 0x8f, 0xff, 0xd0, 0x0,
    0x5f, 0xff, 0xf0, 0x0, 0x1f, 0xff, 0xf3, 0x0,
    0xd, 0xff, 0xf8, 0x0, 0x7, 0xff, 0xfd, 0x0,
    0x1, 0xff, 0xff, 0x20, 0x0, 0x9f, 0xff, 0x90,
    0x0, 0x1f, 0xff, 0xf1, 0x0, 0x6, 0xff, 0xf7,
    0x0, 0x0, 0xbf, 0xfc, 0x0, 0x0, 0x9, 0xc6,

    /* U+0029 ")" */
    0x3e, 0xe4, 0x0, 0x0, 0x6, 0xff, 0xf3, 0x0,
    0x0, 0x1f, 0xff, 0xd0, 0x0, 0x0, 0x9f, 0xff,
    0x70, 0x0, 0x1, 0xff, 0xff, 0x10, 0x0, 0xb,
    0xff, 0xf6, 0x0, 0x0, 0x6f, 0xff, 0xd0, 0x0,
    0x1, 0xff, 0xff, 0x30, 0x0, 0xd, 0xff, 0xf7,
    0x0, 0x0, 0x9f, 0xff, 0xb0, 0x0, 0x6, 0xff,
    0xfe, 0x0, 0x0, 0x4f, 0xff, 0xf0, 0x0, 0x2,
    0xff, 0xff, 0x20, 0x0, 0x1f, 0xff, 0xf3, 0x0,
    0x1, 0xff, 0xff, 0x30, 0x0, 0x1f, 0xff, 0xf3,
    0x0, 0x2, 0xff, 0xff, 0x20, 0x0, 0x3f, 0xff,
    0xf2, 0x0, 0x5, 0xff, 0xff, 0x0, 0x0, 0x8f,
    0xff, 0xe0, 0x0, 0xb, 0xff, 0xfa, 0x0, 0x0,
    0xef, 0xff, 0x70, 0x0, 0x3f, 0xff, 0xf2, 0x0,
    0x8, 0xff, 0xfc, 0x0, 0x0, 0xdf, 0xff, 0x60,
    0x0, 0x4f, 0xff, 0xe0, 0x0, 0xb, 0xff, 0xf5,
    0x0, 0x2, 0xff, 0xfb, 0x0, 0x0, 0x7f, 0xfe,
    0x20, 0x0, 0x2, 0xcb, 0x20, 0x0, 0x0,

    /* U+002A "*" */
    0x0, 0x0, 0xa, 0xf6, 0x0, 0x0, 0x0, 0x0,
    0x0, 0xef, 0xa0, 0x0, 0x0, 0x1b, 0xa1, 0xd,
    0xf8, 0x3, 0xc9, 0x5, 0xff, 0xe4, 0xbf, 0x77,
    0xff, 0xf1, 0x1b, 0xff, 0xfe, 0xfe, 0xff, 0xf8,
    0x0, 0x3, 0xbf, 0xff, 0xff, 0x81, 0x0, 0x0,
    0x18, 0xff, 0xff, 0xd6, 0x0, 0x0, 0x9f, 0xff,
    0xff, 0xff, 0xfe, 0x50, 0x5f, 0xff, 0x7b, 0xf8,
    0xaf, 0xff, 0x2, 0xec, 0x30, 0xdf, 0x80, 0x5e,
    0xb0, 0x0, 0x0, 0xe, 0xfa, 0x0, 0x0, 0x0,
    0x0, 0x0, 0xef, 0x90, 0x0, 0x0, 0x0, 0x0,
    0x3, 0x81, 0x0, 0x0, 0x0,

    /* U+002B "+" */
    0x0, 0x0, 0x0, 0x0, 0x0, 0x0, 0x0, 0x0,
    0x0, 0x0, 0x0, 0x0, 0x7, 0xfd, 0x20, 0x0,
    0x0, 0x0, 0x0, 0x0, 0x0, 0xf, 0xff, 0x90,
    0x0, 0x0, 0x0, 0x0, 0x0, 0x0, 0x2f, 0xff,
    0xa0, 0x0, 0x0, 0x0, 0x0, 0x0, 0x0, 0x2f,
    0xff, 0xa0, 0x0, 0x0, 0x0, 0x0, 0x0, 0x0,
    0x2f, 0xff, 0xa0, 0x0, 0x0, 0x0, 0x0, 0x0,
    0x0, 0x2f, 0xff, 0xa0, 0x0, 0x0, 0x0, 0x0,
    0x0, 0x0, 0x2f, 0xff, 0xa0, 0x0, 0x0, 0x0,
    0x2a, 0xbb, 0xbb, 0xcf, 0xff, 0xeb, 0xbb, 0xbb,
    0x70, 0xdf, 0xff, 0xff, 0xff, 0xff, 0xff, 0xff,
    0xff, 0xf4, 0xef, 0xff, 0xff, 0xff, 0xff, 0xff,
    0xff, 0xff, 0xf6, 0x5e, 0xff, 0xff, 0xff, 0xff,
    0xff, 0xff, 0xff, 0xb0, 0x0, 0x0, 0x0, 0x2f,
    0xff, 0xa0, 0x0, 0x0, 0x0, 0x0, 0x0, 0x0,
    0x2f, 0xff, 0xa0, 0x0, 0x0, 0x0, 0x0, 0x0,
    0x0, 0x2f, 0xff, 0xa0, 0x0, 0x0, 0x0, 0x0,
    0x0, 0x0, 0x2f, 0xff, 0xa0, 0x0, 0x0, 0x0,
    0x0, 0x0, 0x0, 0x2f, 0xff, 0xa0, 0x0, 0x0,
    0x0, 0x0, 0x0, 0x0, 0x1f, 0xff, 0x90, 0x0,
    0x0, 0x0, 0x0, 0x0, 0x0, 0x7, 0xfd, 0x20,
    0x0, 0x0, 0x0,

    /* U+002C "," */
    0x0, 0x6b, 0x80, 0x3, 0xff, 0xf6, 0x6, 0xff,
    0xf6, 0x9, 0xff, 0xf3, 0xc, 0xff, 0xf0, 0xe,
    0xff, 0xb0, 0xf, 0xff, 0x70, 0x3f, 0xff, 0x30,
    0x5f, 0xff, 0x0, 0x1d, 0xf7, 0x0,

    /* U+002D "-" */
    0x5, 0xab, 0xbb, 0xbb, 0xbb, 0xa4, 0x2, 0xff,
    0xff, 0xff, 0xff, 0xff, 0xf0, 0x3f, 0xff, 0xff,
    0xff, 0xff, 0xff, 0x10, 0x9f, 0xff, 0xff, 0xff,
    0xff, 0x80,

    /* U+002E "." */
    0x8, 0xc9, 0x18, 0xff, 0xfb, 0xcf, 0xff, 0xf9,
    0xff, 0xfc, 0x1b, 0xfc, 0x20,

    /* U+002F "/" */
    0x0, 0x0, 0x0, 0x0, 0x4e, 0xe4, 0x0, 0x0,
    0x0, 0x0, 0xdf, 0xfc, 0x0, 0x0, 0x0, 0x2,
    0xff, 0xfa, 0x0, 0x0, 0x0, 0x7, 0xff, 0xf6,
    0x0, 0x0, 0x0, 0xb, 0xff, 0xf1, 0x0, 0x0,
    0x0, 0xf, 0xff, 0xd0, 0x0, 0x0, 0x0, 0x5f,
    0xff, 0x80, 0x0, 0x0, 0x0, 0x9f, 0xff, 0x30,
    0x0, 0x0, 0x0, 0xef, 0xfe, 0x0, 0x0, 0x0,
    0x3, 0xff, 0xfa, 0x0, 0x0, 0x0, 0x7, 0xff,
    0xf5, 0x0, 0x0, 0x0, 0xc, 0xff, 0xf1, 0x0,
    0x0, 0x0, 0x1f, 0xff, 0xc0, 0x0, 0x0, 0x0,
    0x5f, 0xff, 0x70, 0x0, 0x0, 0x0, 0xaf, 0xff,
    0x30, 0x0, 0x0, 0x0, 0xef, 0xfe, 0x0, 0x0,
    0x0, 0x3, 0xff, 0xf9, 0x0, 0x0, 0x0, 0x8,
    0xff, 0xf5, 0x0, 0x0, 0x0, 0xc, 0xff, 0xf0,
    0x0, 0x0, 0x0, 0x1f, 0xff, 0xc0, 0x0, 0x0,
    0x0, 0x6f, 0xff, 0x70, 0x0, 0x0, 0x0, 0xaf,
    0xff, 0x20, 0x0, 0x0, 0x0, 0xff, 0xfe, 0x0,
    0x0, 0x0, 0x4, 0xff, 0xf9, 0x0, 0x0, 0x0,
    0x8, 0xff, 0xf4, 0x0, 0x0, 0x0, 0xd, 0xff,
    0xf0, 0x0, 0x0, 0x0, 0x2f, 0xff, 0xb0, 0x0,
    0x0, 0x0, 0x6f, 0xff, 0x60, 0x0, 0x0, 0x0,
    0x8f, 0xff, 0x20, 0x0, 0x0, 0x0, 0x2d, 0xf8,
    0x0, 0x0, 0x0, 0x0,

    /* U+0030 "0" */
    0x0, 0x0, 0x0, 0x6b, 0xef, 0xfd, 0xa4, 0x0,
    0x0, 0x0, 0x0, 0x0, 0x4e, 0xff, 0xff, 0xff,
    0xff, 0xc2, 0x0, 0x0, 0x0, 0x6, 0xff, 0xff,
    0xff, 0xff, 0xff, 0xff, 0x30, 0x0, 0x0, 0x4f,
    0xff, 0xff, 0xc9, 0x9d, 0xff, 0xff, 0xe1, 0x0,
    0x0, 0xdf, 0xff, 0xf4, 0x0, 0x0, 0x8f, 0xff,
    0xfa, 0x0, 0x6, 0xff, 0xff, 0x60, 0x0, 0x0,
    0xa, 0xff, 0xff, 0x20, 0xc, 0xff, 0xfd, 0x0,
    0x0, 0x0, 0x1, 0xff, 0xff, 0x80, 0x1f, 0xff,
    0xf6, 0x0, 0x0, 0x0, 0x0, 0xbf, 0xff, 0xc0,
    0x4f, 0xff, 0xf2, 0x0, 0x0, 0x0, 0x0, 0x7f,
    0xff, 0xf0, 0x6f, 0xff, 0xf0, 0x0, 0x0, 0x0,
    0x0, 0x4f, 0xff, 0xf2, 0x8f, 0xff, 0xe0, 0x0,
    0x0, 0x0, 0x0, 0x2f, 0xff, 0xf4, 0x9f, 0xff,
    0xd0, 0x0, 0x0, 0x0, 0x0, 0x1f, 0xff, 0xf4,
    0x9f, 0xff, 0xd0, 0x0, 0x0, 0x0, 0x0, 0x1f,
    0xff, 0xf4, 0x8f, 0xff, 0xe0, 0x0, 0x0, 0x0,
    0x0, 0x2f, 0xff, 0xf4, 0x6f, 0xff, 0xf0, 0x0,
    0x0, 0x0, 0x0, 0x4f, 0xff, 0xf2, 0x4f, 0xff,
    0xf2, 0x0, 0x0, 0x0, 0x0, 0x7f, 0xff, 0xf0,
    0x1f, 0xff, 0xf6, 0x0, 0x0, 0x0, 0x0, 0xaf,
    0xff, 0xc0, 0xc, 0xff, 0xfd, 0x0, 0x0, 0x0,
    0x1, 0xff, 0xff, 0x70, 0x6, 0xff, 0xff, 0x50,
    0x0, 0x0, 0xa, 0xff, 0xff, 0x20, 0x0, 0xdf,
    0xff, 0xf5, 0x0, 0x0, 0x8f, 0xff, 0xf9, 0x0,
    0x0, 0x4f, 0xff, 0xff, 0xc9, 0xae, 0xff, 0xff,
    0xe1, 0x0, 0x0, 0x6, 0xff, 0xff, 0xff, 0xff,
    0xff, 0xfe, 0x30, 0x0, 0x0, 0x0, 0x4e, 0xff,
    0xff, 0xff, 0xff, 0xc2, 0x0, 0x0, 0x0, 0x0,
    0x0, 0x6b, 0xef, 0xfd, 0xa4, 0x0, 0x0, 0x0,

    /* U+0031 "1" */
    0x0, 0x0, 0x0, 0x7d, 0xfd, 0x30, 0x0, 0x0,
    0x2c, 0xff, 0xff, 0xe0, 0x0, 0x7, 0xff, 0xff,
    0xff, 0xf0, 0x1, 0xbf, 0xff, 0xff, 0xff, 0xf1,
    0x4f, 0xff, 0xff, 0xbf, 0xff, 0xf1, 0xdf, 0xff,
    0xd3, 0x3f, 0xff, 0xf1, 0xcf, 0xf9, 0x0, 0x3f,
    0xff, 0xf1, 0x16, 0x30, 0x0, 0x3f, 0xff, 0xf1,
    0x0, 0x0, 0x0, 0x3f, 0xff, 0xf1, 0x0, 0x0,
    0x0, 0x3f, 0xff, 0xf1, 0x0, 0x0, 0x0, 0x3f,
    0xff, 0xf1, 0x0, 0x0, 0x0, 0x3f, 0xff, 0xf1,
    0x0, 0x0, 0x0, 0x3f, 0xff, 0xf1, 0x0, 0x0,
    0x0, 0x3f, 0xff, 0xf1, 0x0, 0x0, 0x0, 0x3f,
    0xff, 0xf1, 0x0, 0x0, 0x0, 0x3f, 0xff, 0xf1,
    0x0, 0x0, 0x0, 0x3f, 0xff, 0xf1, 0x0, 0x0,
    0x0, 0x3f, 0xff, 0xf1, 0x0, 0x0, 0x0, 0x3f,
    0xff, 0xf1, 0x0, 0x0, 0x0, 0x3f, 0xff, 0xf1,
    0x0, 0x0, 0x0, 0x3f, 0xff, 0xf1, 0x0, 0x0,
    0x0, 0x3f, 0xff, 0xf0, 0x0, 0x0, 0x0, 0x1f,
    0xff, 0xe0, 0x0, 0x0, 0x0, 0x7, 0xee, 0x50,

    /* U+0032 "2" */
    0x0, 0x0, 0x5, 0xad, 0xff, 0xdb, 0x61, 0x0,
    0x0, 0x0, 0x4, 0xdf, 0xff, 0xff, 0xff, 0xff,
    0x70, 0x0, 0x0, 0x6f, 0xff, 0xff, 0xff, 0xff,
    0xff, 0xf9, 0x0, 0x3, 0xff, 0xff, 0xfb, 0x88,
    0xbf, 0xff, 0xff, 0x60, 0xc, 0xff, 0xfe, 0x30,
    0x0, 0x3, 0xef, 0xff, 0xe0, 0x1f, 0xff, 0xf3,
    0x0, 0x0, 0x0, 0x5f, 0xff, 0xf2, 0x1f, 0xff,
    0xa0, 0x0, 0x0, 0x0, 0xf, 0xff, 0xf4, 0x7,
    0xdb, 0x10, 0x0, 0x0, 0x0, 0xf, 0xff, 0xf3,
    0x0, 0x0, 0x0, 0x0, 0x0, 0x0, 0x3f, 0xff,
    0xf0, 0x0, 0x0, 0x0, 0x0, 0x0, 0x0, 0xbf,
    0xff, 0xa0, 0x0, 0x0, 0x0, 0x0, 0x0, 0x7,
    0xff, 0xff, 0x20, 0x0, 0x0, 0x0, 0x0, 0x0,
    0x5f, 0xff, 0xf6, 0x0, 0x0, 0x0, 0x0, 0x0,
    0x4, 0xff, 0xff, 0x80, 0x0, 0x0, 0x0, 0x0,
    0x0, 0x5f, 0xff, 0xf9, 0x0, 0x0, 0x0, 0x0,
    0x0, 0x5, 0xff, 0xff, 0x90, 0x0, 0x0, 0x0,
    0x0, 0x0, 0x6f, 0xff, 0xf9, 0x0, 0x0, 0x0,
    0x0, 0x0, 0x6, 0xff, 0xff, 0x90, 0x0, 0x0,
    0x0, 0x0, 0x0, 0x7f, 0xff, 0xf8, 0x0, 0x0,
    0x0, 0x0, 0x0, 0x7, 0xff, 0xff, 0x70, 0x0,
    0x0, 0x0, 0x0, 0x0, 0x8f, 0xff, 0xf7, 0x0,
    0x0, 0x0, 0x0, 0x0, 0x8, 0xff, 0xff, 0xe9,
    0x99, 0x99, 0x99, 0x99, 0x81, 0x1f, 0xff, 0xff,
    0xff, 0xff, 0xff, 0xff, 0xff, 0xfb, 0x3f, 0xff,
    0xff, 0xff, 0xff, 0xff, 0xff, 0xff, 0xfd, 0x9,
    0xff, 0xff, 0xff, 0xff, 0xff, 0xff, 0xff, 0xe5,

    /* U+0033 "3" */
    0x0, 0x0, 0x5, 0xad, 0xff, 0xed, 0x94, 0x0,
    0x0, 0x0, 0x0, 0x4d, 0xff, 0xff, 0xff, 0xff,
    0xfc, 0x30, 0x0, 0x0, 0x5f, 0xff, 0xff, 0xff,
    0xff, 0xff, 0xff, 0x30, 0x0, 0x2f, 0xff, 0xff,
    0xb8, 0x78, 0xdf, 0xff, 0xfe, 0x0, 0x9, 0xff,
    0xfe, 0x30, 0x0, 0x0, 0x7f, 0xff, 0xf5, 0x0,
    0xbf, 0xff, 0x40, 0x0, 0x0, 0x0, 0xdf, 0xff,
    0x80, 0x6, 0xff, 0xa0, 0x0, 0x0, 0x0, 0xa,
    0xff, 0xf7, 0x0, 0x1, 0x20, 0x0, 0x0, 0x0,
    0x0, 0xdf, 0xff, 0x40, 0x0, 0x0, 0x0, 0x0,
    0x0, 0x0, 0x7f, 0xff, 0xc0, 0x0, 0x0, 0x0,
    0x0, 0x23, 0x46, 0xcf, 0xff, 0xd1, 0x0, 0x0,
    0x0, 0x0, 0xaf, 0xff, 0xff, 0xfe, 0x70, 0x0,
    0x0, 0x0, 0x0, 0xe, 0xff, 0xff, 0xfe, 0x94,
    0x0, 0x0, 0x0, 0x0, 0x0, 0x7f, 0xff, 0xff,
    0xff, 0xfd, 0x30, 0x0, 0x0, 0x0, 0x0, 0x0,
    0x2, 0x6e, 0xff, 0xff, 0x30, 0x0, 0x0, 0x0,
    0x0, 0x0, 0x0, 0xc, 0xff, 0xfd, 0x0, 0x0,
    0x0, 0x0, 0x0, 0x0, 0x0, 0x4f, 0xff, 0xf3,
    0x3, 0x85, 0x0, 0x0, 0x0, 0x0, 0x1, 0xff,
    0xff, 0x51, 0xff, 0xf7, 0x0, 0x0, 0x0, 0x0,
    0x2f, 0xff, 0xf5, 0x3f, 0xff, 0xf2, 0x0, 0x0,
    0x0, 0x8, 0xff, 0xff, 0x30, 0xff, 0xff, 0xd3,
    0x0, 0x0, 0x7, 0xff, 0xff, 0xd0, 0x6, 0xff,
    0xff, 0xfc, 0x99, 0xae, 0xff, 0xff, 0xf5, 0x0,
    0x9, 0xff, 0xff, 0xff, 0xff, 0xff, 0xff, 0xf6,
    0x0, 0x0, 0x6, 0xff, 0xff, 0xff, 0xff, 0xff,
    0xd4, 0x0, 0x0, 0x0, 0x0, 0x6a, 0xdf, 0xfe,
    0xd9, 0x40, 0x0, 0x0,

    /* U+0034 "4" */
    0x0, 0x0, 0x0, 0x0, 0x0, 0x5c, 0xfe, 0xa1,
    0x0, 0x0, 0x0, 0x0, 0x0, 0x0, 0x7, 0xff,
    0xff, 0xfd, 0x0, 0x0, 0x0, 0x0, 0x0, 0x0,
    0x4f, 0xff, 0xff, 0xff, 0x30, 0x0, 0x0, 0x0,
    0x0, 0x1, 0xef, 0xff, 0xef, 0xff, 0x40, 0x0,
    0x0, 0x0, 0x0, 0xb, 0xff, 0xf6, 0xcf, 0xff,
    0x50, 0x0, 0x0, 0x0, 0x0, 0x6f, 0xff, 0xb0,
    0xcf, 0xff, 0x50, 0x0, 0x0, 0x0, 0x2, 0xff,
    0xfe, 0x10, 0xcf, 0xff, 0x50, 0x0, 0x0, 0x0,
    0xc, 0xff, 0xf4, 0x0, 0xcf, 0xff, 0x50, 0x0,
    0x0, 0x0, 0x7f, 0xff, 0x90, 0x0, 0xcf, 0xff,
    0x50, 0x0, 0x0, 0x2, 0xff, 0xfd, 0x0, 0x0,
    0xcf, 0xff, 0x50, 0x0, 0x0, 0xc, 0xff, 0xf3,
    0x0, 0x0, 0xcf, 0xff, 0x50, 0x0, 0x0, 0x7f,
    0xff, 0x80, 0x0, 0x0, 0xcf, 0xff, 0x50, 0x0,
    0x2, 0xff, 0xfd, 0x0, 0x0, 0x0, 0xcf, 0xff,
    0x50, 0x0, 0xb, 0xff, 0xf4, 0x0, 0x0, 0x0,
    0xcf, 0xff, 0x50, 0x0, 0x3f, 0xff, 0xa0, 0x0,
    0x0, 0x0, 0xcf, 0xff, 0x50, 0x0, 0xaf, 0xff,
    0xa8, 0x88, 0x88, 0x88, 0xef, 0xff, 0xb8, 0x70,
    0xcf, 0xff, 0xff, 0xff, 0xff, 0xff, 0xff, 0xff,
    0xff, 0xf9, 0x9f, 0xff, 0xff, 0xff, 0xff, 0xff,
    0xff, 0xff, 0xff, 0xfb, 0x1b, 0xff, 0xff, 0xff,
    0xff, 0xff, 0xff, 0xff, 0xff, 0xe4, 0x0, 0x0,
    0x0, 0x0, 0x0, 0x0, 0xdf, 0xff, 0x50, 0x0,
    0x0, 0x0, 0x0, 0x0, 0x0, 0x0, 0xdf, 0xff,
    0x50, 0x0, 0x0, 0x0, 0x0, 0x0, 0x0, 0x0,
    0xcf, 0xff, 0x40, 0x0, 0x0, 0x0, 0x0, 0x0,
    0x0, 0x0, 0xbf, 0xff, 0x30, 0x0, 0x0, 0x0,
    0x0, 0x0, 0x0, 0x0, 0x2d, 0xf8, 0x0, 0x0,

    /* U+0035 "5" */
    0x0, 0x9e, 0xff, 0xff, 0xff, 0xff, 0xff, 0xfc,
    0x10, 0x6, 0xff, 0xff, 0xff, 0xff, 0xff, 0xff,
    0xff, 0x60, 0xb, 0xff, 0xff, 0xff, 0xff, 0xff,
    0xff, 0xff, 0x40, 0xd, 0xff, 0xf8, 0x88, 0x88,
    0x88, 0x88, 0x85, 0x0, 0xe, 0xff, 0xe0, 0x0,
    0x0, 0x0, 0x0, 0x0, 0x0, 0xf, 0xff, 0xc0,
    0x0, 0x0, 0x0, 0x0, 0x0, 0x0, 0x1f, 0xff,
    0xb0, 0x0, 0x0, 0x0, 0x0, 0x0, 0x0, 0x2f,
    0xff, 0x90, 0x0, 0x13, 0x20, 0x0, 0x0, 0x0,
    0x3f, 0xff, 0x80, 0x8e, 0xff, 0xff, 0xc6, 0x0,
    0x0, 0x5f, 0xff, 0x7d, 0xff, 0xff, 0xff, 0xff,
    0xc1, 0x0, 0x6f, 0xff, 0xff, 0xff, 0xff, 0xff,
    0xff, 0xfd, 0x0, 0x7f, 0xff, 0xff, 0x72, 0x1,
    0x5d, 0xff, 0xff, 0x90, 0x4f, 0xff, 0xd2, 0x0,
    0x0, 0x0, 0xbf, 0xff, 0xf1, 0x6, 0xa8, 0x10,
    0x0, 0x0, 0x0, 0x1f, 0xff, 0xf6, 0x0, 0x0,
    0x0, 0x0, 0x0, 0x0, 0xa, 0xff, 0xf8, 0x0,
    0x0, 0x0, 0x0, 0x0, 0x0, 0x8, 0xff, 0xfa,
    0x2b, 0xb3, 0x0, 0x0, 0x0, 0x0, 0x9, 0xff,
    0xf9, 0xbf, 0xfe, 0x10, 0x0, 0x0, 0x0, 0xd,
    0xff, 0xf7, 0xcf, 0xff, 0xa0, 0x0, 0x0, 0x0,
    0x6f, 0xff, 0xf2, 0x7f, 0xff, 0xf9, 0x0, 0x0,
    0x6, 0xff, 0xff, 0xc0, 0xd, 0xff, 0xff, 0xea,
    0x8a, 0xef, 0xff, 0xff, 0x20, 0x2, 0xef, 0xff,
    0xff, 0xff, 0xff, 0xff, 0xf4, 0x0, 0x0, 0x1a,
    0xff, 0xff, 0xff, 0xff, 0xfc, 0x20, 0x0, 0x0,
    0x0, 0x28, 0xce, 0xff, 0xda, 0x40, 0x0, 0x0,

    /* U+0036 "6" */
    0x0, 0x0, 0x0, 0x5a, 0xdf, 0xfe, 0xc8, 0x20,
    0x0, 0x0, 0x0, 0x0, 0x3d, 0xff, 0xff, 0xff,
    0xff, 0xfb, 0x10, 0x0, 0x0, 0x5, 0xff, 0xff,
    0xff, 0xff, 0xff, 0xff, 0xe2, 0x0, 0x0, 0x3f,
    0xff, 0xff, 0xc9, 0x8a, 0xef, 0xff, 0xfd, 0x0,
    0x0, 0xdf, 0xff, 0xe4, 0x0, 0x0, 0x9, 0xff,
    0xff, 0x20, 0x5, 0xff, 0xff, 0x30, 0x0, 0x0,
    0x0, 0x6f, 0xfd, 0x0, 0xb, 0xff, 0xf9, 0x0,
    0x0, 0x0, 0x0, 0x1, 0x30, 0x0, 0xf, 0xff,
    0xf2, 0x0, 0x2, 0x45, 0x30, 0x0, 0x0, 0x0,
    0x4f, 0xff, 0xe0, 0x6, 0xdf, 0xff, 0xff, 0xb2,
    0x0, 0x0, 0x6f, 0xff, 0xb1, 0xcf, 0xff, 0xff,
    0xff, 0xff, 0x60, 0x0, 0x8f, 0xff, 0xab, 0xff,
    0xff, 0xff, 0xff, 0xff, 0xf5, 0x0, 0x9f, 0xff,
    0xef, 0xfb, 0x41, 0x3, 0xaf, 0xff, 0xff, 0x10,
    0x9f, 0xff, 0xff, 0x80, 0x0, 0x0, 0x6, 0xff,
    0xff, 0x80, 0x8f, 0xff, 0xfd, 0x0, 0x0, 0x0,
    0x0, 0xbf, 0xff, 0xd0, 0x7f, 0xff, 0xf7, 0x0,
    0x0, 0x0, 0x0, 0x5f, 0xff, 0xf0, 0x4f, 0xff,
    0xf5, 0x0, 0x0, 0x0, 0x0, 0x3f, 0xff, 0xf1,
    0x1f, 0xff, 0xf6, 0x0, 0x0, 0x0, 0x0, 0x4f,
    0xff, 0xf0, 0xc, 0xff, 0xfb, 0x0, 0x0, 0x0,
    0x0, 0x8f, 0xff, 0xd0, 0x6, 0xff, 0xff, 0x40,
    0x0, 0x0, 0x2, 0xff, 0xff, 0x90, 0x0, 0xdf,
    0xff, 0xe5, 0x0, 0x0, 0x3e, 0xff, 0xff, 0x20,
    0x0, 0x4f, 0xff, 0xff, 0xd9, 0x9c, 0xff, 0xff,
    0xf7, 0x0, 0x0, 0x6, 0xff, 0xff, 0xff, 0xff,
    0xff, 0xff, 0x90, 0x0, 0x0, 0x0, 0x4d, 0xff,
    0xff, 0xff, 0xff, 0xf5, 0x0, 0x0, 0x0, 0x0,
    0x0, 0x5a, 0xdf, 0xfe, 0xb6, 0x10, 0x0, 0x0,

    /* U+0037 "7" */
    0x7, 0xff, 0xff, 0xff, 0xff, 0xff, 0xff, 0xff,
    0xc2, 0xf, 0xff, 0xff, 0xff, 0xff, 0xff, 0xff,
    0xff, 0xfc, 0xd, 0xff, 0xff, 0xff, 0xff, 0xff,
    0xff, 0xff, 0xfe, 0x2, 0x89, 0x99, 0x99, 0x99,
    0x99, 0x9d, 0xff, 0xfc, 0x0, 0x0, 0x0, 0x0,
    0x0, 0x0, 0xe, 0xff, 0xf5, 0x0, 0x0, 0x0,
    0x0, 0x0, 0x0, 0x7f, 0xff, 0xd0, 0x0, 0x0,
    0x0, 0x0, 0x0, 0x1, 0xef, 0xff, 0x50, 0x0,
    0x0, 0x0, 0x0, 0x0, 0x8, 0xff, 0xfd, 0x0,
    0x0, 0x0, 0x0, 0x0, 0x0, 0x1f, 0xff, 0xf4,
    0x0, 0x0, 0x0, 0x0, 0x0, 0x0, 0x9f, 0xff,
    0xc0, 0x0, 0x0, 0x0, 0x0, 0x0, 0x2, 0xff,
    0xff, 0x40, 0x0, 0x0, 0x0, 0x0, 0x0, 0xa,
    0xff, 0xfb, 0x0, 0x0, 0x0, 0x0, 0x0, 0x0,
    0x3f, 0xff, 0xf3, 0x0, 0x0, 0x0, 0x0, 0x0,
    0x0, 0xbf, 0xff, 0xb0, 0x0, 0x0, 0x0, 0x0,
    0x0, 0x4, 0xff, 0xff, 0x20, 0x0, 0x0, 0x0,
    0x0, 0x0, 0xc, 0xff, 0xfa, 0x0, 0x0, 0x0,
    0x0, 0x0, 0x0, 0x5f, 0xff, 0xf2, 0x0, 0x0,
    0x0, 0x0, 0x0, 0x0, 0xdf, 0xff, 0x90, 0x0,
    0x0, 0x0, 0x0, 0x0, 0x6, 0xff, 0xff, 0x10,
    0x0, 0x0, 0x0, 0x0, 0x0, 0xe, 0xff, 0xf8,
    0x0, 0x0, 0x0, 0x0, 0x0, 0x0, 0x7f, 0xff,
    0xf1, 0x0, 0x0, 0x0, 0x0, 0x0, 0x0, 0xef,
    0xff, 0x80, 0x0, 0x0, 0x0, 0x0, 0x0, 0x0,
    0xff, 0xfe, 0x0, 0x0, 0x0, 0x0, 0x0, 0x0,
    0x0, 0x7e, 0xe4, 0x0, 0x0, 0x0, 0x0, 0x0,

    /* U+0038 "8" */
    0x0, 0x0, 0x3, 0x8c, 0xef, 0xfd, 0xb6, 0x10,
    0x0, 0x0, 0x0, 0x2, 0xbf, 0xff, 0xff, 0xff,
    0xff, 0xf8, 0x0, 0x0, 0x0, 0x3f, 0xff, 0xff,
    0xff, 0xff, 0xff, 0xff, 0xb0, 0x0, 0x1, 0xef,
    0xff, 0xfc, 0x64, 0x58, 0xef, 0xff, 0xf8, 0x0,
    0x7, 0xff, 0xff, 0x70, 0x0, 0x0, 0x1d, 0xff,
    0xff, 0x0, 0xa, 0xff, 0xfc, 0x0, 0x0, 0x0,
    0x3, 0xff, 0xff, 0x30, 0xa, 0xff, 0xf9, 0x0,
    0x0, 0x0, 0x0, 0xff, 0xff, 0x30, 0x7, 0xff,
    0xfc, 0x0, 0x0, 0x0, 0x3, 0xff, 0xff, 0x0,
    0x1, 0xef, 0xff, 0x70, 0x0, 0x0, 0x1d, 0xff,
    0xf8, 0x0, 0x0, 0x3e, 0xff, 0xfc, 0x75, 0x59,
    0xff, 0xff, 0x90, 0x0, 0x0, 0x1, 0x8e, 0xff,
    0xff, 0xff, 0xff, 0xc5, 0x0, 0x0, 0x0, 0x0,
    0x6b, 0xff, 0xff, 0xff, 0xff, 0x93, 0x0, 0x0,
    0x0, 0x3e, 0xff, 0xff, 0xff, 0xff, 0xff, 0xff,
    0xa0, 0x0, 0x3, 0xff, 0xff, 0xe6, 0x20, 0x13,
    0xaf, 0xff, 0xfc, 0x0, 0xe, 0xff, 0xfd, 0x10,
    0x0, 0x0, 0x5, 0xff, 0xff, 0x70, 0x5f, 0xff,
    0xf3, 0x0, 0x0, 0x0, 0x0, 0xaf, 0xff, 0xe0,
    0x8f, 0xff, 0xf0, 0x0, 0x0, 0x0, 0x0, 0x6f,
    0xff, 0xf1, 0x9f, 0xff, 0xf0, 0x0, 0x0, 0x0,
    0x0, 0x7f, 0xff, 0xf2, 0x6f, 0xff, 0xf5, 0x0,
    0x0, 0x0, 0x0, 0xdf, 0xff, 0xf0, 0x1f, 0xff,
    0xff, 0x40, 0x0, 0x0, 0xa, 0xff, 0xff, 0xa0,
    0x8, 0xff, 0xff, 0xfb, 0x75, 0x58, 0xef, 0xff,
    0xff, 0x20, 0x0, 0x9f, 0xff, 0xff, 0xff, 0xff,
    0xff, 0xff, 0xe3, 0x0, 0x0, 0x5, 0xdf, 0xff,
    0xff, 0xff, 0xff, 0xfa, 0x20, 0x0, 0x0, 0x0,
    0x4, 0x9c, 0xef, 0xfd, 0xb7, 0x20, 0x0, 0x0,

    /* U+0039 "9" */
    0x0, 0x0, 0x5, 0xad, 0xff, 0xec, 0x71, 0x0,
    0x0, 0x0, 0x0, 0x3d, 0xff, 0xff, 0xff, 0xff,
    0xf8, 0x0, 0x0, 0x0, 0x6f, 0xff, 0xff, 0xff,
    0xff, 0xff, 0xfb, 0x0, 0x0, 0x4f, 0xff, 0xff,
    0xea, 0x9b, 0xff, 0xff, 0xf9, 0x0, 0xe, 0xff,
    0xff, 0x60, 0x0, 0x1, 0xaf, 0xff, 0xf4, 0x5,
    0xff, 0xff, 0x50, 0x0, 0x0, 0x0, 0xbf, 0xff,
    0xc0, 0x9f, 0xff, 0xc0, 0x0, 0x0, 0x0, 0x2,
    0xff, 0xff, 0x2a, 0xff, 0xf9, 0x0, 0x0, 0x0,
    0x0, 0xf, 0xff, 0xf7, 0xaf, 0xff, 0xa0, 0x0,
    0x0, 0x0, 0x0, 0xff, 0xff, 0xa8, 0xff, 0xfe,
    0x0, 0x0, 0x0, 0x0, 0x5f, 0xff, 0xfd, 0x4f,
    0xff, 0xfa, 0x0, 0x0, 0x0, 0x1e, 0xff, 0xff,
    0xe0, 0xcf, 0xff, 0xfc, 0x51, 0x2, 0x7e, 0xfe,
    0xff, 0xff, 0x2, 0xef, 0xff, 0xff, 0xff, 0xff,
    0xff, 0x6f, 0xff, 0xf0, 0x3, 0xdf, 0xff, 0xff,
    0xff, 0xff, 0x55, 0xff, 0xfe, 0x0, 0x0, 0x8e,
    0xff, 0xff, 0xfb, 0x20, 0x6f, 0xff, 0xc0, 0x0,
    0x0, 0x2, 0x45, 0x40, 0x0, 0xa, 0xff, 0xf9,
    0x0, 0x0, 0x0, 0x0, 0x0, 0x0, 0x0, 0xef,
    0xff, 0x60, 0x5d, 0xd4, 0x0, 0x0, 0x0, 0x0,
    0x5f, 0xff, 0xf1, 0xd, 0xff, 0xf3, 0x0, 0x0,
    0x0, 0x1d, 0xff, 0xfa, 0x0, 0xcf, 0xff, 0xe4,
    0x0, 0x0, 0x1c, 0xff, 0xff, 0x30, 0x4, 0xff,
    0xff, 0xfc, 0x98, 0xaf, 0xff, 0xff, 0x80, 0x0,
    0x8, 0xff, 0xff, 0xff, 0xff, 0xff, 0xff, 0xa0,
    0x0, 0x0, 0x5, 0xef, 0xff, 0xff, 0xff, 0xff,
    0x70, 0x0, 0x0, 0x0, 0x0, 0x6a, 0xef, 0xfe,
    0xb7, 0x10, 0x0, 0x0,

    /* U+003A ":" */
    0x8, 0xc9, 0x18, 0xff, 0xfa, 0xcf, 0xff, 0xf9,
    0xff, 0xfc, 0x1b, 0xfc, 0x20, 0x0, 0x0, 0x0,
    0x0, 0x0, 0x0, 0x0, 0x0, 0x0, 0x0, 0x0,
    0x0, 0x0, 0x0, 0x0, 0x0, 0x0, 0x8, 0xc9,
    0x18, 0xff, 0xfb, 0xcf, 0xff, 0xf9, 0xff, 0xfc,
    0x1b, 0xfc, 0x20,

    /* U+003B ";" */
    0x1, 0xbf, 0xc2, 0x9, 0xff, 0xfc, 0xc, 0xff,
    0xff, 0x8, 0xff, 0xfb, 0x0, 0x8c, 0x91, 0x0,
    0x0, 0x0, 0x0, 0x0, 0x0, 0x0, 0x0, 0x0,
    0x0, 0x0, 0x0, 0x0, 0x0, 0x0, 0x0, 0x0,
    0x0, 0x0, 0x0, 0x0, 0x0, 0x7b, 0x80, 0x4,
    0xff, 0xf5, 0x7, 0xff, 0xf5, 0xa, 0xff, 0xf2,
    0xd, 0xff, 0xe0, 0xf, 0xff, 0xa0, 0x2f, 0xff,
    0x60, 0x4f, 0xff, 0x20, 0x6f, 0xfe, 0x0, 0x1d,
    0xf6, 0x0,

    /* U+003C "<" */
    0x0, 0x0, 0x0, 0x0, 0x0, 0x0, 0x4, 0xaf,
    0xd2, 0x0, 0x0, 0x0, 0x0, 0x0, 0x6, 0xdf,
    0xff, 0xf9, 0x0, 0x0, 0x0, 0x0, 0x18, 0xef,
    0xff, 0xff, 0xf8, 0x0, 0x0, 0x0, 0x3a, 0xff,
    0xff, 0xff, 0xff, 0x90, 0x0, 0x0, 0x6c, 0xff,
    0xff, 0xff, 0xfc, 0x60, 0x0, 0x1, 0x8e, 0xff,
    0xff, 0xff, 0xe8, 0x20, 0x0, 0x0, 0x2e, 0xff,
    0xff, 0xff, 0xb5, 0x0, 0x0, 0x0, 0x0, 0xaf,
    0xff, 0xfd, 0x71, 0x0, 0x0, 0x0, 0x0, 0x0,
    0xbf, 0xff, 0xfb, 0x40, 0x0, 0x0, 0x0, 0x0,
    0x0, 0x6f, 0xff, 0xff, 0xfd, 0x71, 0x0, 0x0,
    0x0, 0x0, 0x6, 0xef, 0xff, 0xff, 0xff, 0xa4,
    0x0, 0x0, 0x0, 0x0, 0x6, 0xcf, 0xff, 0xff,
    0xff, 0xd7, 0x10, 0x0, 0x0, 0x0, 0x3, 0xaf,
    0xff, 0xff, 0xff, 0xfb, 0x40, 0x0, 0x0, 0x0,
    0x1, 0x7e, 0xff, 0xff, 0xff, 0xf5, 0x0, 0x0,
    0x0, 0x0, 0x0, 0x5c, 0xff, 0xff, 0xfa, 0x0,
    0x0, 0x0, 0x0, 0x0, 0x0, 0x39, 0xff, 0xf5,
    0x0, 0x0, 0x0, 0x0, 0x0, 0x0, 0x0, 0x15,
    0x30,

    /* U+003D "=" */
    0x6, 0x88, 0x88, 0x88, 0x88, 0x88, 0x88, 0x87,
    0x20, 0x8f, 0xff, 0xff, 0xff, 0xff, 0xff, 0xff,
    0xff, 0xf1, 0xaf, 0xff, 0xff, 0xff, 0xff, 0xff,
    0xff, 0xff, 0xf2, 0x3e, 0xff, 0xff, 0xff, 0xff,
    0xff, 0xff, 0xff, 0xa0, 0x0, 0x0, 0x0, 0x0,
    0x0, 0x0, 0x0, 0x0, 0x0, 0x0, 0x0, 0x0,
    0x0, 0x0, 0x0, 0x0, 0x0, 0x0, 0x0, 0x0,
    0x0, 0x0, 0x0, 0x0, 0x0, 0x0, 0x0, 0x0,
    0x0, 0x0, 0x0, 0x0, 0x0, 0x0, 0x0, 0x0,
    0x6, 0x88, 0x88, 0x88, 0x88, 0x88, 0x88, 0x87,
    0x30, 0x8f, 0xff, 0xff, 0xff, 0xff, 0xff, 0xff,
    0xff, 0xf1, 0xaf, 0xff, 0xff, 0xff, 0xff, 0xff,
    0xff, 0xff, 0xf2, 0x3e, 0xff, 0xff, 0xff, 0xff,
    0xff, 0xff, 0xff, 0xa0,

    /* U+003E ">" */
    0x8, 0xfd, 0x71, 0x0, 0x0, 0x0, 0x0, 0x0,
    0x0, 0x1, 0xff, 0xff, 0xfa, 0x30, 0x0, 0x0,
    0x0, 0x0, 0x0, 0xf, 0xff, 0xff, 0xff, 0xc5,
    0x0, 0x0, 0x0, 0x0, 0x0, 0x4c, 0xff, 0xff,
    0xff, 0xfe, 0x71, 0x0, 0x0, 0x0, 0x0, 0x3,
    0x9f, 0xff, 0xff, 0xff, 0xfa, 0x30, 0x0, 0x0,
    0x0, 0x0, 0x6, 0xcf, 0xff, 0xff, 0xff, 0xc5,
    0x0, 0x0, 0x0, 0x0, 0x0, 0x39, 0xff, 0xff,
    0xff, 0xfa, 0x0, 0x0, 0x0, 0x0, 0x0, 0x0,
    0x6c, 0xff, 0xff, 0xf2, 0x0, 0x0, 0x0, 0x0,
    0x0, 0x0, 0x5d, 0xff, 0xff, 0x30, 0x0, 0x0,
    0x0, 0x0, 0x29, 0xef, 0xff, 0xff, 0xd0, 0x0,
    0x0, 0x0, 0x6, 0xcf, 0xff, 0xff, 0xff, 0xa1,
    0x0, 0x0, 0x4, 0xaf, 0xff, 0xff, 0xff, 0xe8,
    0x20, 0x0, 0x1, 0x7d, 0xff, 0xff, 0xff, 0xfd,
    0x60, 0x0, 0x0, 0x0, 0xdf, 0xff, 0xff, 0xff,
    0xb4, 0x0, 0x0, 0x0, 0x0, 0x2f, 0xff, 0xff,
    0xe8, 0x20, 0x0, 0x0, 0x0, 0x0, 0x0, 0xdf,
    0xfd, 0x60, 0x0, 0x0, 0x0, 0x0, 0x0, 0x0,
    0x1, 0x53, 0x0, 0x0, 0x0, 0x0, 0x0, 0x0,
    0x0, 0x0,

    /* U+003F "?" */
    0x0, 0x1, 0x7c, 0xef, 0xed, 0x94, 0x0, 0x0,
    0x0, 0x8f, 0xff, 0xff, 0xff, 0xff, 0xb1, 0x0,
    0xa, 0xff, 0xff, 0xff, 0xff, 0xff, 0xfd, 0x10,
    0x5f, 0xff, 0xfe, 0x97, 0x9e, 0xff, 0xff, 0x90,
    0xbf, 0xff, 0xc0, 0x0, 0x0, 0xcf, 0xff, 0xf0,
    0xcf, 0xff, 0x20, 0x0, 0x0, 0x3f, 0xff, 0xf3,
    0x8f, 0xf9, 0x0, 0x0, 0x0, 0x1f, 0xff, 0xf3,
    0x3, 0x30, 0x0, 0x0, 0x0, 0x4f, 0xff, 0xf1,
    0x0, 0x0, 0x0, 0x0, 0x1, 0xdf, 0xff, 0xc0,
    0x0, 0x0, 0x0, 0x0, 0x3d, 0xff, 0xff, 0x40,
    0x0, 0x0, 0x0, 0x8, 0xff, 0xff, 0xf5, 0x0,
    0x0, 0x0, 0x0, 0xbf, 0xff, 0xfc, 0x20, 0x0,
    0x0, 0x0, 0x7, 0xff, 0xff, 0x70, 0x0, 0x0,
    0x0, 0x0, 0xc, 0xff, 0xf7, 0x0, 0x0, 0x0,
    0x0, 0x0, 0xe, 0xff, 0xf1, 0x0, 0x0, 0x0,
    0x0, 0x0, 0xc, 0xff, 0xd0, 0x0, 0x0, 0x0,
    0x0, 0x0, 0x3, 0xcc, 0x30, 0x0, 0x0, 0x0,
    0x0, 0x0, 0x0, 0x0, 0x0, 0x0, 0x0, 0x0,
    0x0, 0x0, 0x0, 0x0, 0x0, 0x0, 0x0, 0x0,
    0x0, 0x0, 0x2, 0x9a, 0x40, 0x0, 0x0, 0x0,
    0x0, 0x0, 0x1e, 0xff, 0xf3, 0x0, 0x0, 0x0,
    0x0, 0x0, 0x4f, 0xff, 0xf7, 0x0, 0x0, 0x0,
    0x0, 0x0, 0x2f, 0xff, 0xf4, 0x0, 0x0, 0x0,
    0x0, 0x0, 0x5, 0xee, 0x80, 0x0, 0x0, 0x0,

    /* U+0040 "@" */
    0x0, 0x0, 0x0, 0x0, 0x3, 0x7b, 0xde, 0xff,
    0xdb, 0x73, 0x0, 0x0, 0x0, 0x0, 0x0, 0x0,
    0x0, 0x6, 0xef, 0xff, 0xff, 0xff, 0xff, 0xff,
    0xc5, 0x0, 0x0, 0x0, 0x0, 0x0, 0x2, 0xdf,
    0xff, 0xfd, 0xa9, 0x89, 0xbe, 0xff, 0xff, 0xb1,
    0x0, 0x0, 0x0, 0x0, 0x5f, 0xff, 0xf7, 0x20,
    0x0, 0x0, 0x0, 0x39, 0xff, 0xfe, 0x20, 0x0,
    0x0, 0x4, 0xff, 0xfa, 0x10, 0x0, 0x0, 0x0,
    0x0, 0x0, 0x2d, 0xff, 0xe1, 0x0, 0x0, 0x2e,
    0xff, 0x80, 0x0, 0x0, 0x0, 0x0, 0x0, 0x0,
    0x0, 0xcf, 0xfb, 0x0, 0x0, 0xbf, 0xfa, 0x0,
    0x0, 0x0, 0x0, 0x0, 0x0, 0x0, 0x0, 0x1e,
    0xff, 0x40, 0x3, 0xff, 0xe0, 0x0, 0x0, 0x5c,
    0xfe, 0xb4, 0x7, 0xfc, 0x0, 0x5, 0xff, 0xc0,
    0xa, 0xff, 0x60, 0x0, 0xa, 0xff, 0xff, 0xff,
    0x5d, 0xff, 0x30, 0x0, 0xdf, 0xf2, 0xf, 0xff,
    0x0, 0x0, 0x7f, 0xff, 0xfd, 0xef, 0xff, 0xff,
    0x40, 0x0, 0x8f, 0xf6, 0x3f, 0xfb, 0x0, 0x0,
    0xff, 0xfd, 0x20, 0x5, 0xff, 0xff, 0x40, 0x0,
    0x4f, 0xf9, 0x6f, 0xf7, 0x0, 0x5, 0xff, 0xf4,
    0x0, 0x0, 0x9f, 0xff, 0x40, 0x0, 0x2f, 0xfa,
    0x8f, 0xf5, 0x0, 0x8, 0xff, 0xe0, 0x0, 0x0,
    0x3f, 0xff, 0x40, 0x0, 0x1f, 0xfb, 0x9f, 0xf4,
    0x0, 0xa, 0xff, 0xc0, 0x0, 0x0, 0x1f, 0xff,
    0x40, 0x0, 0x2f, 0xfa, 0x8f, 0xf4, 0x0, 0x9,
    0xff, 0xc0, 0x0, 0x0, 0x1f, 0xff, 0x40, 0x0,
    0x3f, 0xf8, 0x7f, 0xf5, 0x0, 0x8, 0xff, 0xe0,
    0x0, 0x0, 0x3f, 0xff, 0x40, 0x0, 0x7f, 0xf5,
    0x5f, 0xf7, 0x0, 0x4, 0xff, 0xf2, 0x0, 0x0,
    0x8f, 0xff, 0x40, 0x0, 0xcf, 0xf1, 0x2f, 0xfb,
    0x0, 0x0, 0xef, 0xfc, 0x0, 0x3, 0xff, 0xff,
    0x80, 0x5, 0xff, 0x90, 0xe, 0xff, 0x10, 0x0,
    0x6f, 0xff, 0xea, 0xbf, 0xfb, 0xff, 0xfb, 0xbf,
    0xfe, 0x10, 0x8, 0xff, 0x80, 0x0, 0x9, 0xff,
    0xff, 0xff, 0x62, 0xef, 0xff, 0xff, 0xf3, 0x0,
    0x1, 0xff, 0xf2, 0x0, 0x0, 0x4b, 0xef, 0xc5,
    0x0, 0x2a, 0xef, 0xe9, 0x10, 0x0, 0x0, 0x7f,
    0xfd, 0x10, 0x0, 0x0, 0x0, 0x0, 0x0, 0x0,
    0x0, 0x0, 0x0, 0x0, 0x0, 0xb, 0xff, 0xd2,
    0x0, 0x0, 0x0, 0x0, 0x0, 0x0, 0x0, 0x0,
    0x0, 0x0, 0x0, 0x1, 0xdf, 0xff, 0x81, 0x0,
    0x0, 0x0, 0x0, 0x0, 0x0, 0x0, 0x0, 0x0,
    0x0, 0x0, 0x1a, 0xff, 0xff, 0xa6, 0x31, 0x0,
    0x13, 0x67, 0x30, 0x0, 0x0, 0x0, 0x0, 0x0,
    0x0, 0x6e, 0xff, 0xff, 0xff, 0xff, 0xff, 0xff,
    0xb0, 0x0, 0x0, 0x0, 0x0, 0x0, 0x0, 0x0,
    0x6b, 0xff, 0xff, 0xff, 0xff, 0xfd, 0x40, 0x0,
    0x0, 0x0, 0x0, 0x0, 0x0, 0x0, 0x0, 0x3,
    0x56, 0x77, 0x65, 0x20, 0x0, 0x0, 0x0, 0x0,

    /* U+0041 "A" */
    0x0, 0x0, 0x0, 0x0, 0x6d, 0xfc, 0x40, 0x0,
    0x0, 0x0, 0x0, 0x0, 0x0, 0x0, 0x5f, 0xff,
    0xff, 0x20, 0x0, 0x0, 0x0, 0x0, 0x0, 0x0,
    0xd, 0xff, 0xff, 0xfa, 0x0, 0x0, 0x0, 0x0,
    0x0, 0x0, 0x3, 0xff, 0xff, 0xff, 0xf0, 0x0,
    0x0, 0x0, 0x0, 0x0, 0x0, 0x9f, 0xff, 0xcf,
    0xff, 0x60, 0x0, 0x0, 0x0, 0x0, 0x0, 0xf,
    0xff, 0xe3, 0xff, 0xfc, 0x0, 0x0, 0x0, 0x0,
    0x0, 0x6, 0xff, 0xf8, 0xd, 0xff, 0xf2, 0x0,
    0x0, 0x0, 0x0, 0x0, 0xcf, 0xff, 0x30, 0x8f,
    0xff, 0x80, 0x0, 0x0, 0x0, 0x0, 0x2f, 0xff,
    0xd0, 0x2, 0xff, 0xfe, 0x0, 0x0, 0x0, 0x0,
    0x8, 0xff, 0xf7, 0x0, 0xc, 0xff, 0xf4, 0x0,
    0x0, 0x0, 0x0, 0xdf, 0xff, 0x20, 0x0, 0x7f,
    0xff, 0xa0, 0x0, 0x0, 0x0, 0x4f, 0xff, 0xc0,
    0x0, 0x1, 0xff, 0xff, 0x10, 0x0, 0x0, 0xa,
    0xff, 0xf7, 0x0, 0x0, 0xb, 0xff, 0xf6, 0x0,
    0x0, 0x0, 0xff, 0xff, 0x10, 0x0, 0x0, 0x6f,
    0xff, 0xc0, 0x0, 0x0, 0x6f, 0xff, 0xff, 0xff,
    0xff, 0xff, 0xff, 0xff, 0x20, 0x0, 0xc, 0xff,
    0xff, 0xff, 0xff, 0xff, 0xff, 0xff, 0xf8, 0x0,
    0x2, 0xff, 0xff, 0xff, 0xff, 0xff, 0xff, 0xff,
    0xff, 0xe0, 0x0, 0x8f, 0xff, 0xe7, 0x77, 0x77,
    0x77, 0x77, 0xff, 0xff, 0x40, 0xe, 0xff, 0xf9,
    0x0, 0x0, 0x0, 0x0, 0xc, 0xff, 0xfa, 0x4,
    0xff, 0xff, 0x30, 0x0, 0x0, 0x0, 0x0, 0x7f,
    0xff, 0xf1, 0xaf, 0xff, 0xe0, 0x0, 0x0, 0x0,
    0x0, 0x2, 0xff, 0xff, 0x6e, 0xff, 0xf8, 0x0,
    0x0, 0x0, 0x0, 0x0, 0xc, 0xff, 0xfb, 0xef,
    0xff, 0x30, 0x0, 0x0, 0x0, 0x0, 0x0, 0x6f,
    0xff, 0xa5, 0xef, 0x70, 0x0, 0x0, 0x0, 0x0,
    0x0, 0x0, 0xbf, 0xc2,

    /* U+0042 "B" */
    0x3d, 0xff, 0xff, 0xff, 0xff, 0xfd, 0xb6, 0x0,
    0x0, 0xc, 0xff, 0xff, 0xff, 0xff, 0xff, 0xff,
    0xfd, 0x30, 0x0, 0xef, 0xff, 0xff, 0xff, 0xff,
    0xff, 0xff, 0xfe, 0x20, 0xe, 0xff, 0xfa, 0x66,
    0x66, 0x79, 0xff, 0xff, 0xfb, 0x0, 0xef, 0xff,
    0x70, 0x0, 0x0, 0x1, 0xcf, 0xff, 0xf1, 0xe,
    0xff, 0xf7, 0x0, 0x0, 0x0, 0x3, 0xff, 0xff,
    0x30, 0xef, 0xff, 0x70, 0x0, 0x0, 0x0, 0x1f,
    0xff, 0xf3, 0xe, 0xff, 0xf7, 0x0, 0x0, 0x0,
    0x2, 0xff, 0xff, 0x0, 0xef, 0xff, 0x70, 0x0,
    0x0, 0x0, 0xaf, 0xff, 0x80, 0xe, 0xff, 0xf7,
    0x0, 0x0, 0x14, 0xbf, 0xff, 0xc0, 0x0, 0xef,
    0xff, 0xff, 0xff, 0xff, 0xff, 0xfe, 0x80, 0x0,
    0xe, 0xff, 0xff, 0xff, 0xff, 0xff, 0xff, 0xa6,
    0x0, 0x0, 0xef, 0xff, 0xff, 0xff, 0xff, 0xff,
    0xff, 0xfe, 0x30, 0xe, 0xff, 0xf7, 0x11, 0x11,
    0x13, 0x7d, 0xff, 0xff, 0x30, 0xef, 0xff, 0x70,
    0x0, 0x0, 0x0, 0xc, 0xff, 0xfc, 0xe, 0xff,
    0xf7, 0x0, 0x0, 0x0, 0x0, 0x3f, 0xff, 0xf2,
    0xef, 0xff, 0x70, 0x0, 0x0, 0x0, 0x0, 0xff,
    0xff, 0x5e, 0xff, 0xf7, 0x0, 0x0, 0x0, 0x0,
    0x1f, 0xff, 0xf5, 0xef, 0xff, 0x70, 0x0, 0x0,
    0x0, 0x6, 0xff, 0xff, 0x3e, 0xff, 0xf7, 0x0,
    0x0, 0x0, 0x3, 0xef, 0xff, 0xf0, 0xef, 0xff,
    0xa6, 0x66, 0x66, 0x7b, 0xff, 0xff, 0xf8, 0xe,
    0xff, 0xff, 0xff, 0xff, 0xff, 0xff, 0xff, 0xfc,
    0x0, 0xcf, 0xff, 0xff, 0xff, 0xff, 0xff, 0xff,
    0xf9, 0x0, 0x3, 0xdf, 0xff, 0xff, 0xff, 0xff,
    0xec, 0x82, 0x0, 0x0,

    /* U+0043 "C" */
    0x0, 0x0, 0x0, 0x16, 0xad, 0xff, 0xed, 0x95,
    0x0, 0x0, 0x0, 0x0, 0x0, 0x8, 0xff, 0xff,
    0xff, 0xff, 0xff, 0xe6, 0x0, 0x0, 0x0, 0x1,
    0xdf, 0xff, 0xff, 0xff, 0xff, 0xff, 0xff, 0xa0,
    0x0, 0x0, 0x1d, 0xff, 0xff, 0xff, 0xcb, 0xcf,
    0xff, 0xff, 0xfa, 0x0, 0x0, 0xaf, 0xff, 0xfe,
    0x50, 0x0, 0x0, 0x6e, 0xff, 0xff, 0x60, 0x4,
    0xff, 0xff, 0xd2, 0x0, 0x0, 0x0, 0x2, 0xef,
    0xff, 0xe0, 0xb, 0xff, 0xff, 0x30, 0x0, 0x0,
    0x0, 0x0, 0x3f, 0xff, 0xf4, 0x1f, 0xff, 0xfa,
    0x0, 0x0, 0x0, 0x0, 0x0, 0xa, 0xff, 0xf3,
    0x5f, 0xff, 0xf4, 0x0, 0x0, 0x0, 0x0, 0x0,
    0x1, 0xad, 0x80, 0x8f, 0xff, 0xf0, 0x0, 0x0,
    0x0, 0x0, 0x0, 0x0, 0x0, 0x0, 0xaf, 0xff,
    0xd0, 0x0, 0x0, 0x0, 0x0, 0x0, 0x0, 0x0,
    0x0, 0xaf, 0xff, 0xc0, 0x0, 0x0, 0x0, 0x0,
    0x0, 0x0, 0x0, 0x0, 0xaf, 0xff, 0xc0, 0x0,
    0x0, 0x0, 0x0, 0x0, 0x0, 0x0, 0x0, 0xaf,
    0xff, 0xd0, 0x0, 0x0, 0x0, 0x0, 0x0, 0x0,
    0x0, 0x0, 0x8f, 0xff, 0xf0, 0x0, 0x0, 0x0,
    0x0, 0x0, 0x0, 0x0, 0x0, 0x5f, 0xff, 0xf4,
    0x0, 0x0, 0x0, 0x0, 0x0, 0x0, 0x58, 0x30,
    0x1f, 0xff, 0xfa, 0x0, 0x0, 0x0, 0x0, 0x0,
    0x7, 0xff, 0xf1, 0xb, 0xff, 0xff, 0x30, 0x0,
    0x0, 0x0, 0x0, 0x1f, 0xff, 0xf4, 0x4, 0xff,
    0xff, 0xe2, 0x0, 0x0, 0x0, 0x0, 0xcf, 0xff,
    0xf1, 0x0, 0xbf, 0xff, 0xfe, 0x50, 0x0, 0x0,
    0x5d, 0xff, 0xff, 0x90, 0x0, 0x1d, 0xff, 0xff,
    0xff, 0xbb, 0xcf, 0xff, 0xff, 0xfd, 0x0, 0x0,
    0x1, 0xdf, 0xff, 0xff, 0xff, 0xff, 0xff, 0xff,
    0xc1, 0x0, 0x0, 0x0, 0x8, 0xff, 0xff, 0xff,
    0xff, 0xff, 0xf8, 0x0, 0x0, 0x0, 0x0, 0x0,
    0x16, 0xad, 0xff, 0xed, 0xa6, 0x0, 0x0, 0x0,

    /* U+0044 "D" */
    0x3d, 0xff, 0xff, 0xff, 0xff, 0xec, 0x83, 0x0,
    0x0, 0x0, 0xc, 0xff, 0xff, 0xff, 0xff, 0xff,
    0xff, 0xfd, 0x40, 0x0, 0x0, 0xef, 0xff, 0xff,
    0xff, 0xff, 0xff, 0xff, 0xff, 0x80, 0x0, 0xe,
    0xff, 0xfc, 0xaa, 0xaa, 0xbe, 0xff, 0xff, 0xff,
    0x90, 0x0, 0xef, 0xff, 0x70, 0x0, 0x0, 0x3,
    0xbf, 0xff, 0xff, 0x50, 0xe, 0xff, 0xf7, 0x0,
    0x0, 0x0, 0x0, 0x7f, 0xff, 0xfe, 0x0, 0xef,
    0xff, 0x70, 0x0, 0x0, 0x0, 0x0, 0x9f, 0xff,
    0xf5, 0xe, 0xff, 0xf7, 0x0, 0x0, 0x0, 0x0,
    0x1, 0xff, 0xff, 0xa0, 0xef, 0xff, 0x70, 0x0,
    0x0, 0x0, 0x0, 0xa, 0xff, 0xfe, 0xe, 0xff,
    0xf7, 0x0, 0x0, 0x0, 0x0, 0x0, 0x6f, 0xff,
    0xf1, 0xef, 0xff, 0x70, 0x0, 0x0, 0x0, 0x0,
    0x4, 0xff, 0xff, 0x3e, 0xff, 0xf7, 0x0, 0x0,
    0x0, 0x0, 0x0, 0x2f, 0xff, 0xf3, 0xef, 0xff,
    0x70, 0x0, 0x0, 0x0, 0x0, 0x3, 0xff, 0xff,
    0x3e, 0xff, 0xf7, 0x0, 0x0, 0x0, 0x0, 0x0,
    0x4f, 0xff, 0xf3, 0xef, 0xff, 0x70, 0x0, 0x0,
    0x0, 0x0, 0x6, 0xff, 0xff, 0x1e, 0xff, 0xf7,
    0x0, 0x0, 0x0, 0x0, 0x0, 0xaf, 0xff, 0xe0,
    0xef, 0xff, 0x70, 0x0, 0x0, 0x0, 0x0, 0x1f,
    0xff, 0xfa, 0xe, 0xff, 0xf7, 0x0, 0x0, 0x0,
    0x0, 0x9, 0xff, 0xff, 0x40, 0xef, 0xff, 0x70,
    0x0, 0x0, 0x0, 0x6, 0xff, 0xff, 0xd0, 0xe,
    0xff, 0xf7, 0x0, 0x0, 0x0, 0x2a, 0xff, 0xff,
    0xf4, 0x0, 0xef, 0xff, 0xca, 0xaa, 0xab, 0xef,
    0xff, 0xff, 0xf8, 0x0, 0xe, 0xff, 0xff, 0xff,
    0xff, 0xff, 0xff, 0xff, 0xf8, 0x0, 0x0, 0xcf,
    0xff, 0xff, 0xff, 0xff, 0xff, 0xff, 0xd4, 0x0,
    0x0, 0x3, 0xdf, 0xff, 0xff, 0xff, 0xfe, 0xc8,
    0x40, 0x0, 0x0, 0x0,

    /* U+0045 "E" */
    0x3d, 0xff, 0xff, 0xff, 0xff, 0xff, 0xff, 0xe4,
    0xcf, 0xff, 0xff, 0xff, 0xff, 0xff, 0xff, 0xfd,
    0xef, 0xff, 0xff, 0xff, 0xff, 0xff, 0xff, 0xfb,
    0xef, 0xff, 0xdb, 0xbb, 0xbb, 0xbb, 0xba, 0x91,
    0xef, 0xff, 0x70, 0x0, 0x0, 0x0, 0x0, 0x0,
    0xef, 0xff, 0x70, 0x0, 0x0, 0x0, 0x0, 0x0,
    0xef, 0xff, 0x70, 0x0, 0x0, 0x0, 0x0, 0x0,
    0xef, 0xff, 0x70, 0x0, 0x0, 0x0, 0x0, 0x0,
    0xef, 0xff, 0x70, 0x0, 0x0, 0x0, 0x0, 0x0,
    0xef, 0xff, 0x70, 0x0, 0x0, 0x0, 0x0, 0x0,
    0xef, 0xff, 0xff, 0xff, 0xff, 0xff, 0xff, 0xa0,
    0xef, 0xff, 0xff, 0xff, 0xff, 0xff, 0xff, 0xf3,
    0xef, 0xff, 0xff, 0xff, 0xff, 0xff, 0xff, 0xf1,
    0xef, 0xff, 0xb7, 0x77, 0x77, 0x77, 0x76, 0x20,
    0xef, 0xff, 0x70, 0x0, 0x0, 0x0, 0x0, 0x0,
    0xef, 0xff, 0x70, 0x0, 0x0, 0x0, 0x0, 0x0,
    0xef, 0xff, 0x70, 0x0, 0x0, 0x0, 0x0, 0x0,
    0xef, 0xff, 0x70, 0x0, 0x0, 0x0, 0x0, 0x0,
    0xef, 0xff, 0x70, 0x0, 0x0, 0x0, 0x0, 0x0,
    0xef, 0xff, 0x70, 0x0, 0x0, 0x0, 0x0, 0x0,
    0xef, 0xff, 0xda, 0xaa, 0xaa, 0xaa, 0xaa, 0x81,
    0xef, 0xff, 0xff, 0xff, 0xff, 0xff, 0xff, 0xfb,
    0xcf, 0xff, 0xff, 0xff, 0xff, 0xff, 0xff, 0xfd,
    0x3d, 0xff, 0xff, 0xff, 0xff, 0xff, 0xff, 0xe5,

    /* U+0046 "F" */
    0x3d, 0xff, 0xff, 0xff, 0xff, 0xff, 0xff, 0xd2,
    0xcf, 0xff, 0xff, 0xff, 0xff, 0xff, 0xff, 0xf9,
    0xef, 0xff, 0xff, 0xff, 0xff, 0xff, 0xff, 0xf8,
    0xef, 0xff, 0xdb, 0xbb, 0xbb, 0xbb, 0xba, 0x80,
    0xef, 0xff, 0x70, 0x0, 0x0, 0x0, 0x0, 0x0,
    0xef, 0xff, 0x70, 0x0, 0x0, 0x0, 0x0, 0x0,
    0xef, 0xff, 0x70, 0x0, 0x0, 0x0, 0x0, 0x0,
    0xef, 0xff, 0x70, 0x0, 0x0, 0x0, 0x0, 0x0,
    0xef, 0xff, 0x70, 0x0, 0x0, 0x0, 0x0, 0x0,
    0xef, 0xff, 0x70, 0x0, 0x0, 0x0, 0x0, 0x0,
    0xef, 0xff, 0xb8, 0x88, 0x88, 0x88, 0x86, 0x0,
    0xef, 0xff, 0xff, 0xff, 0xff, 0xff, 0xff, 0x80,
    0xef, 0xff, 0xff, 0xff, 0xff, 0xff, 0xff, 0xb0,
    0xef, 0xff, 0xff, 0xff, 0xff, 0xff, 0xfd, 0x30,
    0xef, 0xff, 0x70, 0x0, 0x0, 0x0, 0x0, 0x0,
    0xef, 0xff, 0x70, 0x0, 0x0, 0x0, 0x0, 0x0,
    0xef, 0xff, 0x70, 0x0, 0x0, 0x0, 0x0, 0x0,
    0xef, 0xff, 0x70, 0x0, 0x0, 0x0, 0x0, 0x0,
    0xef, 0xff, 0x70, 0x0, 0x0, 0x0, 0x0, 0x0,
    0xef, 0xff, 0x70, 0x0, 0x0, 0x0, 0x0, 0x0,
    0xef, 0xff, 0x70, 0x0, 0x0, 0x0, 0x0, 0x0,
    0xef, 0xff, 0x60, 0x0, 0x0, 0x0, 0x0, 0x0,
    0xcf, 0xff, 0x40, 0x0, 0x0, 0x0, 0x0, 0x0,
    0x3d, 0xf9, 0x0, 0x0, 0x0, 0x0, 0x0, 0x0,

    /* U+0047 "G" */
    0x0, 0x0, 0x0, 0x16, 0xad, 0xff, 0xed, 0xa6,
    0x10, 0x0, 0x0, 0x0, 0x0, 0x0, 0x8f, 0xff,
    0xff, 0xff, 0xff, 0xff, 0x90, 0x0, 0x0, 0x0,
    0x1, 0xcf, 0xff, 0xff, 0xff, 0xff, 0xff, 0xff,
    0xe2, 0x0, 0x0, 0x1, 0xdf, 0xff, 0xff, 0xfd,
    0xbc, 0xff, 0xff, 0xff, 0xe2, 0x0, 0x0, 0xbf,
    0xff, 0xfe, 0x60, 0x0, 0x0, 0x4d, 0xff, 0xff,
    0xb0, 0x0, 0x4f, 0xff, 0xfd, 0x10, 0x0, 0x0,
    0x0, 0xb, 0xff, 0xff, 0x20, 0xc, 0xff, 0xff,
    0x20, 0x0, 0x0, 0x0, 0x0, 0x1e, 0xff, 0xf4,
    0x1, 0xff, 0xff, 0x90, 0x0, 0x0, 0x0, 0x0,
    0x0, 0x3e, 0xfc, 0x0, 0x5f, 0xff, 0xf3, 0x0,
    0x0, 0x0, 0x0, 0x0, 0x0, 0x1, 0x0, 0x8,
    0xff, 0xff, 0x0, 0x0, 0x0, 0x0, 0x0, 0x0,
    0x0, 0x0, 0x0, 0xaf, 0xff, 0xd0, 0x0, 0x0,
    0x0, 0x0, 0x0, 0x0, 0x0, 0x0, 0xa, 0xff,
    0xfc, 0x0, 0x0, 0x0, 0x9, 0xff, 0xff, 0xff,
    0xfe, 0x50, 0xaf, 0xff, 0xc0, 0x0, 0x0, 0x1,
    0xff, 0xff, 0xff, 0xff, 0xff, 0x9, 0xff, 0xfe,
    0x0, 0x0, 0x0, 0xd, 0xff, 0xff, 0xff, 0xff,
    0xf1, 0x7f, 0xff, 0xf0, 0x0, 0x0, 0x0, 0x4,
    0x55, 0x56, 0xff, 0xff, 0x15, 0xff, 0xff, 0x40,
    0x0, 0x0, 0x0, 0x0, 0x0, 0x4f, 0xff, 0xf0,
    0x1f, 0xff, 0xfa, 0x0, 0x0, 0x0, 0x0, 0x0,
    0x7, 0xff, 0xfd, 0x0, 0xbf, 0xff, 0xf4, 0x0,
    0x0, 0x0, 0x0, 0x0, 0xef, 0xff, 0x80, 0x3,
    0xff, 0xff, 0xe3, 0x0, 0x0, 0x0, 0x0, 0xaf,
    0xff, 0xf2, 0x0, 0xa, 0xff, 0xff, 0xf7, 0x0,
    0x0, 0x4, 0xcf, 0xff, 0xfa, 0x0, 0x0, 0xd,
    0xff, 0xff, 0xff, 0xcb, 0xce, 0xff, 0xff, 0xfe,
    0x10, 0x0, 0x0, 0x1c, 0xff, 0xff, 0xff, 0xff,
    0xff, 0xff, 0xfd, 0x20, 0x0, 0x0, 0x0, 0x7,
    0xef, 0xff, 0xff, 0xff, 0xff, 0xf9, 0x10, 0x0,
    0x0, 0x0, 0x0, 0x0, 0x5a, 0xdf, 0xff, 0xeb,
    0x71, 0x0, 0x0, 0x0,

    /* U+0048 "H" */
    0x3d, 0xf9, 0x0, 0x0, 0x0, 0x0, 0x0, 0x0,
    0x4d, 0xf9, 0xc, 0xff, 0xf4, 0x0, 0x0, 0x0,
    0x0, 0x0, 0xd, 0xff, 0xf3, 0xef, 0xff, 0x60,
    0x0, 0x0, 0x0, 0x0, 0x0, 0xff, 0xff, 0x5e,
    0xff, 0xf7, 0x0, 0x0, 0x0, 0x0, 0x0, 0xf,
    0xff, 0xf5, 0xef, 0xff, 0x70, 0x0, 0x0, 0x0,
    0x0, 0x0, 0xff, 0xff, 0x5e, 0xff, 0xf7, 0x0,
    0x0, 0x0, 0x0, 0x0, 0xf, 0xff, 0xf5, 0xef,
    0xff, 0x70, 0x0, 0x0, 0x0, 0x0, 0x0, 0xff,
    0xff, 0x5e, 0xff, 0xf7, 0x0, 0x0, 0x0, 0x0,
    0x0, 0xf, 0xff, 0xf5, 0xef, 0xff, 0x70, 0x0,
    0x0, 0x0, 0x0, 0x0, 0xff, 0xff, 0x5e, 0xff,
    0xf7, 0x0, 0x0, 0x0, 0x0, 0x0, 0xf, 0xff,
    0xf5, 0xef, 0xff, 0xff, 0xff, 0xff, 0xff, 0xff,
    0xff, 0xff, 0xff, 0x5e, 0xff, 0xff, 0xff, 0xff,
    0xff, 0xff, 0xff, 0xff, 0xff, 0xf5, 0xef, 0xff,
    0xff, 0xff, 0xff, 0xff, 0xff, 0xff, 0xff, 0xff,
    0x5e, 0xff, 0xfc, 0xaa, 0xaa, 0xaa, 0xaa, 0xaa,
    0xaf, 0xff, 0xf5, 0xef, 0xff, 0x70, 0x0, 0x0,
    0x0, 0x0, 0x0, 0xff, 0xff, 0x5e, 0xff, 0xf7,
    0x0, 0x0, 0x0, 0x0, 0x0, 0xf, 0xff, 0xf5,
    0xef, 0xff, 0x70, 0x0, 0x0, 0x0, 0x0, 0x0,
    0xff, 0xff, 0x5e, 0xff, 0xf7, 0x0, 0x0, 0x0,
    0x0, 0x0, 0xf, 0xff, 0xf5, 0xef, 0xff, 0x70,
    0x0, 0x0, 0x0, 0x0, 0x0, 0xff, 0xff, 0x5e,
    0xff, 0xf7, 0x0, 0x0, 0x0, 0x0, 0x0, 0xf,
    0xff, 0xf5, 0xef, 0xff, 0x70, 0x0, 0x0, 0x0,
    0x0, 0x0, 0xff, 0xff, 0x5e, 0xff, 0xf6, 0x0,
    0x0, 0x0, 0x0, 0x0, 0xf, 0xff, 0xf5, 0xcf,
    0xff, 0x40, 0x0, 0x0, 0x0, 0x0, 0x0, 0xdf,
    0xff, 0x33, 0xdf, 0xa0, 0x0, 0x0, 0x0, 0x0,
    0x0, 0x4, 0xdf, 0x90,

    /* U+0049 "I" */
    0x3d, 0xf9, 0xc, 0xff, 0xf4, 0xef, 0xff, 0x6e,
    0xff, 0xf7, 0xef, 0xff, 0x7e, 0xff, 0xf7, 0xef,
    0xff, 0x7e, 0xff, 0xf7, 0xef, 0xff, 0x7e, 0xff,
    0xf7, 0xef, 0xff, 0x7e, 0xff, 0xf7, 0xef, 0xff,
    0x7e, 0xff, 0xf7, 0xef, 0xff, 0x7e, 0xff, 0xf7,
    0xef, 0xff, 0x7e, 0xff, 0xf7, 0xef, 0xff, 0x7e,
    0xff, 0xf7, 0xef, 0xff, 0x7e, 0xff, 0xf6, 0xcf,
    0xff, 0x43, 0xdf, 0xa0,

    /* U+004A "J" */
    0x0, 0x0, 0x0, 0x0, 0x0, 0x0, 0x8f, 0xe4,
    0x0, 0x0, 0x0, 0x0, 0x0, 0x0, 0x3f, 0xff,
    0xe0, 0x0, 0x0, 0x0, 0x0, 0x0, 0x4, 0xff,
    0xff, 0x0, 0x0, 0x0, 0x0, 0x0, 0x0, 0x5f,
    0xff, 0xf0, 0x0, 0x0, 0x0, 0x0, 0x0, 0x5,
    0xff, 0xff, 0x0, 0x0, 0x0, 0x0, 0x0, 0x0,
    0x5f, 0xff, 0xf0, 0x0, 0x0, 0x0, 0x0, 0x0,
    0x5, 0xff, 0xff, 0x0, 0x0, 0x0, 0x0, 0x0,
    0x0, 0x5f, 0xff, 0xf0, 0x0, 0x0, 0x0, 0x0,
    0x0, 0x5, 0xff, 0xff, 0x0, 0x0, 0x0, 0x0,
    0x0, 0x0, 0x5f, 0xff, 0xf0, 0x0, 0x0, 0x0,
    0x0, 0x0, 0x5, 0xff, 0xff, 0x0, 0x0, 0x0,
    0x0, 0x0, 0x0, 0x5f, 0xff, 0xf0, 0x0, 0x0,
    0x0, 0x0, 0x0, 0x5, 0xff, 0xff, 0x0, 0x0,
    0x0, 0x0, 0x0, 0x0, 0x5f, 0xff, 0xf0, 0x0,
    0x0, 0x0, 0x0, 0x0, 0x5, 0xff, 0xff, 0x0,
    0x1, 0x0, 0x0, 0x0, 0x0, 0x5f, 0xff, 0xf0,
    0xb, 0xff, 0x30, 0x0, 0x0, 0x5, 0xff, 0xff,
    0x3, 0xff, 0xfc, 0x0, 0x0, 0x0, 0x7f, 0xff,
    0xf0, 0x3f, 0xff, 0xf3, 0x0, 0x0, 0xd, 0xff,
    0xfc, 0x0, 0xff, 0xff, 0xe4, 0x0, 0x9, 0xff,
    0xff, 0x80, 0x8, 0xff, 0xff, 0xfe, 0xdf, 0xff,
    0xff, 0xf1, 0x0, 0xc, 0xff, 0xff, 0xff, 0xff,
    0xff, 0xf6, 0x0, 0x0, 0x1a, 0xff, 0xff, 0xff,
    0xff, 0xf6, 0x0, 0x0, 0x0, 0x3, 0x9d, 0xff,
    0xec, 0x71, 0x0, 0x0,

    /* U+004B "K" */
    0x3d, 0xf9, 0x0, 0x0, 0x0, 0x0, 0x0, 0x5e,
    0xe5, 0xc, 0xff, 0xf4, 0x0, 0x0, 0x0, 0x0,
    0x6f, 0xff, 0xe0, 0xef, 0xff, 0x60, 0x0, 0x0,
    0x0, 0x5f, 0xff, 0xfe, 0xe, 0xff, 0xf7, 0x0,
    0x0, 0x0, 0x4f, 0xff, 0xff, 0x40, 0xef, 0xff,
    0x70, 0x0, 0x0, 0x4f, 0xff, 0xff, 0x50, 0xe,
    0xff, 0xf7, 0x0, 0x0, 0x3f, 0xff, 0xff, 0x50,
    0x0, 0xef, 0xff, 0x70, 0x0, 0x3f, 0xff, 0xff,
    0x60, 0x0, 0xe, 0xff, 0xf7, 0x0, 0x2e, 0xff,
    0xff, 0x60, 0x0, 0x0, 0xef, 0xff, 0x70, 0x2e,
    0xff, 0xff, 0x60, 0x0, 0x0, 0xe, 0xff, 0xf7,
    0x1d, 0xff, 0xff, 0x60, 0x0, 0x0, 0x0, 0xef,
    0xff, 0x8d, 0xff, 0xff, 0x70, 0x0, 0x0, 0x0,
    0xe, 0xff, 0xff, 0xff, 0xff, 0xfb, 0x0, 0x0,
    0x0, 0x0, 0xef, 0xff, 0xff, 0xff, 0xff, 0xf9,
    0x0, 0x0, 0x0, 0xe, 0xff, 0xff, 0xfe, 0xff,
    0xff, 0xf6, 0x0, 0x0, 0x0, 0xef, 0xff, 0xfe,
    0x25, 0xff, 0xff, 0xf4, 0x0, 0x0, 0xe, 0xff,
    0xfe, 0x30, 0x8, 0xff, 0xff, 0xf2, 0x0, 0x0,
    0xef, 0xff, 0x70, 0x0, 0xa, 0xff, 0xff, 0xe1,
    0x0, 0xe, 0xff, 0xf7, 0x0, 0x0, 0xc, 0xff,
    0xff, 0xc0, 0x0, 0xef, 0xff, 0x70, 0x0, 0x0,
    0x1e, 0xff, 0xff, 0xa0, 0xe, 0xff, 0xf7, 0x0,
    0x0, 0x0, 0x3f, 0xff, 0xff, 0x70, 0xef, 0xff,
    0x70, 0x0, 0x0, 0x0, 0x5f, 0xff, 0xff, 0x4e,
    0xff, 0xf6, 0x0, 0x0, 0x0, 0x0, 0x7f, 0xff,
    0xfc, 0xcf, 0xff, 0x40, 0x0, 0x0, 0x0, 0x0,
    0xaf, 0xff, 0xc3, 0xdf, 0xa0, 0x0, 0x0, 0x0,
    0x0, 0x0, 0x9e, 0xd3,

    /* U+004C "L" */
    0x3d, 0xf9, 0x0, 0x0, 0x0, 0x0, 0x0, 0x0,
    0xcf, 0xff, 0x40, 0x0, 0x0, 0x0, 0x0, 0x0,
    0xef, 0xff, 0x60, 0x0, 0x0, 0x0, 0x0, 0x0,
    0xef, 0xff, 0x70, 0x0, 0x0, 0x0, 0x0, 0x0,
    0xef, 0xff, 0x70, 0x0, 0x0, 0x0, 0x0, 0x0,
    0xef, 0xff, 0x70, 0x0, 0x0, 0x0, 0x0, 0x0,
    0xef, 0xff, 0x70, 0x0, 0x0, 0x0, 0x0, 0x0,
    0xef, 0xff, 0x70, 0x0, 0x0, 0x0, 0x0, 0x0,
    0xef, 0xff, 0x70, 0x0, 0x0, 0x0, 0x0, 0x0,
    0xef, 0xff, 0x70, 0x0, 0x0, 0x0, 0x0, 0x0,
    0xef, 0xff, 0x70, 0x0, 0x0, 0x0, 0x0, 0x0,
    0xef, 0xff, 0x70, 0x0, 0x0, 0x0, 0x0, 0x0,
    0xef, 0xff, 0x70, 0x0, 0x0, 0x0, 0x0, 0x0,
    0xef, 0xff, 0x70, 0x0, 0x0, 0x0, 0x0, 0x0,
    0xef, 0xff, 0x70, 0x0, 0x0, 0x0, 0x0, 0x0,
    0xef, 0xff, 0x70, 0x0, 0x0, 0x0, 0x0, 0x0,
    0xef, 0xff, 0x70, 0x0, 0x0, 0x0, 0x0, 0x0,
    0xef, 0xff, 0x70, 0x0, 0x0, 0x0, 0x0, 0x0,
    0xef, 0xff, 0x70, 0x0, 0x0, 0x0, 0x0, 0x0,
    0xef, 0xff, 0x70, 0x0, 0x0, 0x0, 0x0, 0x0,
    0xef, 0xff, 0xda, 0xaa, 0xaa, 0xaa, 0xaa, 0x70,
    0xef, 0xff, 0xff, 0xff, 0xff, 0xff, 0xff, 0xf6,
    0xcf, 0xff, 0xff, 0xff, 0xff, 0xff, 0xff, 0xf7,
    0x3d, 0xff, 0xff, 0xff, 0xff, 0xff, 0xff, 0xc1,

    /* U+004D "M" */
    0x1a, 0xee, 0x80, 0x0, 0x0, 0x0, 0x0, 0x0,
    0x0, 0x0, 0x8e, 0xea, 0x19, 0xff, 0xff, 0x70,
    0x0, 0x0, 0x0, 0x0, 0x0, 0x0, 0x8f, 0xff,
    0xf9, 0xdf, 0xff, 0xff, 0x0, 0x0, 0x0, 0x0,
    0x0, 0x0, 0x1f, 0xff, 0xff, 0xde, 0xff, 0xff,
    0xf6, 0x0, 0x0, 0x0, 0x0, 0x0, 0x6, 0xff,
    0xff, 0xfe, 0xef, 0xff, 0xff, 0xc0, 0x0, 0x0,
    0x0, 0x0, 0x0, 0xdf, 0xff, 0xff, 0xee, 0xff,
    0xff, 0xff, 0x30, 0x0, 0x0, 0x0, 0x0, 0x4f,
    0xff, 0xff, 0xfe, 0xef, 0xff, 0xff, 0xfa, 0x0,
    0x0, 0x0, 0x0, 0xa, 0xff, 0xff, 0xff, 0xee,
    0xff, 0xfd, 0xff, 0xf1, 0x0, 0x0, 0x0, 0x1,
    0xff, 0xfc, 0xff, 0xfe, 0xef, 0xff, 0x6f, 0xff,
    0x70, 0x0, 0x0, 0x0, 0x7f, 0xff, 0x5f, 0xff,
    0xee, 0xff, 0xf0, 0xef, 0xfd, 0x0, 0x0, 0x0,
    0xd, 0xff, 0xe0, 0xff, 0xfe, 0xef, 0xff, 0x8,
    0xff, 0xf4, 0x0, 0x0, 0x4, 0xff, 0xf8, 0xf,
    0xff, 0xee, 0xff, 0xf0, 0x2f, 0xff, 0xa0, 0x0,
    0x0, 0xbf, 0xff, 0x10, 0xff, 0xfe, 0xef, 0xff,
    0x0, 0xbf, 0xff, 0x10, 0x0, 0x1f, 0xff, 0xb0,
    0xf, 0xff, 0xee, 0xff, 0xf0, 0x5, 0xff, 0xf7,
    0x0, 0x8, 0xff, 0xf4, 0x0, 0xff, 0xfe, 0xef,
    0xff, 0x0, 0xe, 0xff, 0xe0, 0x0, 0xef, 0xfd,
    0x0, 0xf, 0xff, 0xee, 0xff, 0xf0, 0x0, 0x7f,
    0xff, 0x50, 0x5f, 0xff, 0x70, 0x0, 0xff, 0xfe,
    0xef, 0xff, 0x0, 0x1, 0xff, 0xfb, 0xb, 0xff,
    0xf1, 0x0, 0xf, 0xff, 0xee, 0xff, 0xf0, 0x0,
    0xa, 0xff, 0xf4, 0xff, 0xf9, 0x0, 0x0, 0xff,
    0xfe, 0xef, 0xff, 0x0, 0x0, 0x3f, 0xff, 0xff,
    0xff, 0x30, 0x0, 0xf, 0xff, 0xee, 0xff, 0xf0,
    0x0, 0x0, 0xdf, 0xff, 0xff, 0xc0, 0x0, 0x0,
    0xff, 0xfe, 0xef, 0xff, 0x0, 0x0, 0x6, 0xff,
    0xff, 0xf6, 0x0, 0x0, 0xf, 0xff, 0xee, 0xff,
    0xf0, 0x0, 0x0, 0xf, 0xff, 0xfe, 0x0, 0x0,
    0x0, 0xff, 0xfd, 0xcf, 0xfe, 0x0, 0x0, 0x0,
    0x9f, 0xff, 0x80, 0x0, 0x0, 0xe, 0xff, 0xc4,
    0xee, 0x60, 0x0, 0x0, 0x1, 0xbf, 0xb0, 0x0,
    0x0, 0x0, 0x6e, 0xe4,

    /* U+004E "N" */
    0x3d, 0xfb, 0x10, 0x0, 0x0, 0x0, 0x0, 0x0,
    0x7e, 0xe5, 0xc, 0xff, 0xfb, 0x0, 0x0, 0x0,
    0x0, 0x0, 0x1f, 0xff, 0xe0, 0xef, 0xff, 0xf7,
    0x0, 0x0, 0x0, 0x0, 0x2, 0xff, 0xff, 0xe,
    0xff, 0xff, 0xf3, 0x0, 0x0, 0x0, 0x0, 0x2f,
    0xff, 0xf0, 0xef, 0xff, 0xff, 0xd0, 0x0, 0x0,
    0x0, 0x2, 0xff, 0xff, 0xe, 0xff, 0xff, 0xff,
    0xa0, 0x0, 0x0, 0x0, 0x2f, 0xff, 0xf0, 0xef,
    0xff, 0xff, 0xff, 0x50, 0x0, 0x0, 0x2, 0xff,
    0xff, 0xe, 0xff, 0xfc, 0xff, 0xff, 0x20, 0x0,
    0x0, 0x2f, 0xff, 0xf0, 0xef, 0xff, 0x4c, 0xff,
    0xfc, 0x0, 0x0, 0x2, 0xff, 0xff, 0xe, 0xff,
    0xf4, 0x1e, 0xff, 0xf8, 0x0, 0x0, 0x2f, 0xff,
    0xf0, 0xef, 0xff, 0x40, 0x5f, 0xff, 0xf4, 0x0,
    0x2, 0xff, 0xff, 0xe, 0xff, 0xf4, 0x0, 0x9f,
    0xff, 0xe1, 0x0, 0x2f, 0xff, 0xf0, 0xef, 0xff,
    0x40, 0x0, 0xdf, 0xff, 0xb0, 0x2, 0xff, 0xff,
    0xe, 0xff, 0xf4, 0x0, 0x2, 0xff, 0xff, 0x70,
    0x2f, 0xff, 0xf0, 0xef, 0xff, 0x40, 0x0, 0x6,
    0xff, 0xff, 0x32, 0xff, 0xff, 0xe, 0xff, 0xf4,
    0x0, 0x0, 0xb, 0xff, 0xfd, 0x3f, 0xff, 0xf0,
    0xef, 0xff, 0x40, 0x0, 0x0, 0x1e, 0xff, 0xfc,
    0xff, 0xff, 0xe, 0xff, 0xf4, 0x0, 0x0, 0x0,
    0x3f, 0xff, 0xff, 0xff, 0xf0, 0xef, 0xff, 0x40,
    0x0, 0x0, 0x0, 0x8f, 0xff, 0xff, 0xff, 0xe,
    0xff, 0xf4, 0x0, 0x0, 0x0, 0x0, 0xcf, 0xff,
    0xff, 0xf0, 0xef, 0xff, 0x40, 0x0, 0x0, 0x0,
    0x1, 0xff, 0xff, 0xff, 0xe, 0xff, 0xf4, 0x0,
    0x0, 0x0, 0x0, 0x5, 0xff, 0xff, 0xf0, 0xcf,
    0xff, 0x20, 0x0, 0x0, 0x0, 0x0, 0x9, 0xff,
    0xfe, 0x3, 0xdf, 0x80, 0x0, 0x0, 0x0, 0x0,
    0x0, 0xa, 0xfe, 0x50,

    /* U+004F "O" */
    0x0, 0x0, 0x0, 0x5, 0xad, 0xef, 0xfd, 0xb7,
    0x20, 0x0, 0x0, 0x0, 0x0, 0x0, 0x7, 0xef,
    0xff, 0xff, 0xff, 0xff, 0xfa, 0x10, 0x0, 0x0,
    0x0, 0x1, 0xcf, 0xff, 0xff, 0xff, 0xff, 0xff,
    0xff, 0xe4, 0x0, 0x0, 0x0, 0xd, 0xff, 0xff,
    0xff, 0xcb, 0xce, 0xff, 0xff, 0xff, 0x30, 0x0,
    0x0, 0xaf, 0xff, 0xff, 0x70, 0x0, 0x0, 0x4d,
    0xff, 0xff, 0xe1, 0x0, 0x4, 0xff, 0xff, 0xe3,
    0x0, 0x0, 0x0, 0x0, 0xbf, 0xff, 0xf9, 0x0,
    0xb, 0xff, 0xff, 0x40, 0x0, 0x0, 0x0, 0x0,
    0xe, 0xff, 0xff, 0x10, 0x1f, 0xff, 0xfa, 0x0,
    0x0, 0x0, 0x0, 0x0, 0x5, 0xff, 0xff, 0x60,
    0x5f, 0xff, 0xf4, 0x0, 0x0, 0x0, 0x0, 0x0,
    0x0, 0xef, 0xff, 0xa0, 0x8f, 0xff, 0xf0, 0x0,
    0x0, 0x0, 0x0, 0x0, 0x0, 0xaf, 0xff, 0xd0,
    0xaf, 0xff, 0xd0, 0x0, 0x0, 0x0, 0x0, 0x0,
    0x0, 0x8f, 0xff, 0xf0, 0xaf, 0xff, 0xc0, 0x0,
    0x0, 0x0, 0x0, 0x0, 0x0, 0x6f, 0xff, 0xf0,
    0xaf, 0xff, 0xc0, 0x0, 0x0, 0x0, 0x0, 0x0,
    0x0, 0x6f, 0xff, 0xf0, 0xaf, 0xff, 0xd0, 0x0,
    0x0, 0x0, 0x0, 0x0, 0x0, 0x8f, 0xff, 0xf0,
    0x8f, 0xff, 0xf0, 0x0, 0x0, 0x0, 0x0, 0x0,
    0x0, 0xaf, 0xff, 0xd0, 0x5f, 0xff, 0xf4, 0x0,
    0x0, 0x0, 0x0, 0x0, 0x0, 0xef, 0xff, 0xa0,
    0x1f, 0xff, 0xfa, 0x0, 0x0, 0x0, 0x0, 0x0,
    0x5, 0xff, 0xff, 0x60, 0xb, 0xff, 0xff, 0x40,
    0x0, 0x0, 0x0, 0x0, 0xe, 0xff, 0xff, 0x10,
    0x4, 0xff, 0xff, 0xe3, 0x0, 0x0, 0x0, 0x0,
    0xbf, 0xff, 0xf9, 0x0, 0x0, 0xaf, 0xff, 0xff,
    0x71, 0x0, 0x0, 0x4d, 0xff, 0xff, 0xe1, 0x0,
    0x0, 0xd, 0xff, 0xff, 0xff, 0xdb, 0xce, 0xff,
    0xff, 0xff, 0x30, 0x0, 0x0, 0x1, 0xcf, 0xff,
    0xff, 0xff, 0xff, 0xff, 0xff, 0xe3, 0x0, 0x0,
    0x0, 0x0, 0x7, 0xef, 0xff, 0xff, 0xff, 0xff,
    0xfa, 0x10, 0x0, 0x0, 0x0, 0x0, 0x0, 0x5,
    0xad, 0xff, 0xfe, 0xb7, 0x20, 0x0, 0x0, 0x0,

    /* U+0050 "P" */
    0x3d, 0xff, 0xff, 0xff, 0xff, 0xec, 0x71, 0x0,
    0x0, 0xcf, 0xff, 0xff, 0xff, 0xff, 0xff, 0xff,
    0x50, 0x0, 0xef, 0xff, 0xff, 0xff, 0xff, 0xff,
    0xff, 0xf7, 0x0, 0xef, 0xff, 0xb8, 0x88, 0x9a,
    0xef, 0xff, 0xff, 0x40, 0xef, 0xff, 0x70, 0x0,
    0x0, 0x7, 0xff, 0xff, 0xd0, 0xef, 0xff, 0x70,
    0x0, 0x0, 0x0, 0x8f, 0xff, 0xf3, 0xef, 0xff,
    0x70, 0x0, 0x0, 0x0, 0x1f, 0xff, 0xf6, 0xef,
    0xff, 0x70, 0x0, 0x0, 0x0, 0xe, 0xff, 0xf8,
    0xef, 0xff, 0x70, 0x0, 0x0, 0x0, 0xe, 0xff,
    0xf8, 0xef, 0xff, 0x70, 0x0, 0x0, 0x0, 0x1f,
    0xff, 0xf6, 0xef, 0xff, 0x70, 0x0, 0x0, 0x0,
    0x8f, 0xff, 0xf3, 0xef, 0xff, 0x70, 0x0, 0x0,
    0x6, 0xff, 0xff, 0xd0, 0xef, 0xff, 0xb8, 0x88,
    0x8a, 0xef, 0xff, 0xff, 0x40, 0xef, 0xff, 0xff,
    0xff, 0xff, 0xff, 0xff, 0xf7, 0x0, 0xef, 0xff,
    0xff, 0xff, 0xff, 0xff, 0xfe, 0x50, 0x0, 0xef,
    0xff, 0xff, 0xff, 0xff, 0xdb, 0x61, 0x0, 0x0,
    0xef, 0xff, 0x70, 0x0, 0x0, 0x0, 0x0, 0x0,
    0x0, 0xef, 0xff, 0x70, 0x0, 0x0, 0x0, 0x0,
    0x0, 0x0, 0xef, 0xff, 0x70, 0x0, 0x0, 0x0,
    0x0, 0x0, 0x0, 0xef, 0xff, 0x70, 0x0, 0x0,
    0x0, 0x0, 0x0, 0x0, 0xef, 0xff, 0x70, 0x0,
    0x0, 0x0, 0x0, 0x0, 0x0, 0xef, 0xff, 0x60,
    0x0, 0x0, 0x0, 0x0, 0x0, 0x0, 0xcf, 0xff,
    0x40, 0x0, 0x0, 0x0, 0x0, 0x0, 0x0, 0x3d,
    0xfa, 0x0, 0x0, 0x0, 0x0, 0x0, 0x0, 0x0,

    /* U+0051 "Q" */
    0x0, 0x0, 0x0, 0x5, 0xad, 0xef, 0xfd, 0xb7,
    0x10, 0x0, 0x0, 0x0, 0x0, 0x0, 0x6, 0xef,
    0xff, 0xff, 0xff, 0xff, 0xfa, 0x10, 0x0, 0x0,
    0x0, 0x1, 0xbf, 0xff, 0xff, 0xff, 0xff, 0xff,
    0xff, 0xe3, 0x0, 0x0, 0x0, 0xc, 0xff, 0xff,
    0xff, 0xcb, 0xbe, 0xff, 0xff, 0xff, 0x30, 0x0,
    0x0, 0xaf, 0xff, 0xff, 0x60, 0x0, 0x0, 0x4c,
    0xff, 0xff, 0xe1, 0x0, 0x3, 0xff, 0xff, 0xe3,
    0x0, 0x0, 0x0, 0x0, 0xbf, 0xff, 0xf9, 0x0,
    0xb, 0xff, 0xff, 0x40, 0x0, 0x0, 0x0, 0x0,
    0xe, 0xff, 0xff, 0x10, 0x1f, 0xff, 0xfa, 0x0,
    0x0, 0x0, 0x0, 0x0, 0x5, 0xff, 0xff, 0x60,
    0x5f, 0xff, 0xf4, 0x0, 0x0, 0x0, 0x0, 0x0,
    0x0, 0xff, 0xff, 0xa0, 0x8f, 0xff, 0xf0, 0x0,
    0x0, 0x0, 0x0, 0x0, 0x0, 0xaf, 0xff, 0xd0,
    0xaf, 0xff, 0xd0, 0x0, 0x0, 0x0, 0x0, 0x0,
    0x0, 0x8f, 0xff, 0xf0, 0xaf, 0xff, 0xc0, 0x0,
    0x0, 0x0, 0x0, 0x0, 0x0, 0x7f, 0xff, 0xf0,
    0xaf, 0xff, 0xc0, 0x0, 0x0, 0x0, 0x0, 0x0,
    0x0, 0x6f, 0xff, 0xf0, 0xaf, 0xff, 0xd0, 0x0,
    0x0, 0x0, 0x0, 0x0, 0x0, 0x8f, 0xff, 0xf0,
    0x8f, 0xff, 0xf0, 0x0, 0x0, 0x0, 0x0, 0x0,
    0x0, 0xbf, 0xff, 0xd0, 0x5f, 0xff, 0xf4, 0x0,
    0x0, 0x0, 0x26, 0x30, 0x0, 0xff, 0xff, 0xa0,
    0x1f, 0xff, 0xfa, 0x0, 0x0, 0x0, 0xef, 0xf4,
    0x7, 0xff, 0xff, 0x60, 0xb, 0xff, 0xff, 0x40,
    0x0, 0x0, 0xff, 0xfe, 0x4f, 0xff, 0xff, 0x10,
    0x4, 0xff, 0xff, 0xe3, 0x0, 0x0, 0x7f, 0xff,
    0xff, 0xff, 0xf7, 0x0, 0x0, 0xaf, 0xff, 0xff,
    0x60, 0x0, 0xb, 0xff, 0xff, 0xff, 0xd0, 0x0,
    0x0, 0xd, 0xff, 0xff, 0xff, 0xcb, 0xbe, 0xff,
    0xff, 0xfe, 0x20, 0x0, 0x0, 0x1, 0xcf, 0xff,
    0xff, 0xff, 0xff, 0xff, 0xff, 0xf4, 0x0, 0x0,
    0x0, 0x0, 0x7, 0xef, 0xff, 0xff, 0xff, 0xff,
    0xff, 0xfc, 0x0, 0x0, 0x0, 0x0, 0x0, 0x5,
    0xad, 0xff, 0xfd, 0xa6, 0xef, 0xff, 0x70, 0x0,
    0x0, 0x0, 0x0, 0x0, 0x0, 0x0, 0x0, 0x0,
    0x4f, 0xff, 0xe0, 0x0, 0x0, 0x0, 0x0, 0x0,
    0x0, 0x0, 0x0, 0x0, 0x8, 0xff, 0xc0, 0x0,
    0x0, 0x0, 0x0, 0x0, 0x0, 0x0, 0x0, 0x0,
    0x0, 0x57, 0x10, 0x0,

    /* U+0052 "R" */
    0x3d, 0xff, 0xff, 0xff, 0xff, 0xed, 0x94, 0x0,
    0x0, 0xcf, 0xff, 0xff, 0xff, 0xff, 0xff, 0xff,
    0xc2, 0x0, 0xef, 0xff, 0xff, 0xff, 0xff, 0xff,
    0xff, 0xff, 0x20, 0xef, 0xff, 0xb8, 0x88, 0x88,
    0xaf, 0xff, 0xff, 0xd0, 0xef, 0xff, 0x70, 0x0,
    0x0, 0x1, 0xcf, 0xff, 0xf5, 0xef, 0xff, 0x70,
    0x0, 0x0, 0x0, 0x1f, 0xff, 0xfb, 0xef, 0xff,
    0x70, 0x0, 0x0, 0x0, 0xa, 0xff, 0xfd, 0xef,
    0xff, 0x70, 0x0, 0x0, 0x0, 0x8, 0xff, 0xfe,
    0xef, 0xff, 0x70, 0x0, 0x0, 0x0, 0x9, 0xff,
    0xfe, 0xef, 0xff, 0x70, 0x0, 0x0, 0x0, 0xd,
    0xff, 0xfb, 0xef, 0xff, 0x70, 0x0, 0x0, 0x0,
    0x9f, 0xff, 0xf6, 0xef, 0xff, 0x95, 0x55, 0x55,
    0x7c, 0xff, 0xff, 0xd0, 0xef, 0xff, 0xff, 0xff,
    0xff, 0xff, 0xff, 0xfe, 0x20, 0xef, 0xff, 0xff,
    0xff, 0xff, 0xff, 0xff, 0xb2, 0x0, 0xef, 0xff,
    0xff, 0xff, 0xff, 0xff, 0xfd, 0x0, 0x0, 0xef,
    0xff, 0x70, 0x0, 0x8, 0xff, 0xff, 0x50, 0x0,
    0xef, 0xff, 0x70, 0x0, 0x0, 0xef, 0xff, 0xe0,
    0x0, 0xef, 0xff, 0x70, 0x0, 0x0, 0x6f, 0xff,
    0xf8, 0x0, 0xef, 0xff, 0x70, 0x0, 0x0, 0xd,
    0xff, 0xff, 0x20, 0xef, 0xff, 0x70, 0x0, 0x0,
    0x4, 0xff, 0xff, 0xb0, 0xef, 0xff, 0x70, 0x0,
    0x0, 0x0, 0xbf, 0xff, 0xf4, 0xef, 0xff, 0x60,
    0x0, 0x0, 0x0, 0x2f, 0xff, 0xfb, 0xcf, 0xff,
    0x50, 0x0, 0x0, 0x0, 0x8, 0xff, 0xfb, 0x3d,
    0xfa, 0x0, 0x0, 0x0, 0x0, 0x0, 0xaf, 0xc2,

    /* U+0053 "S" */
    0x0, 0x0, 0x4, 0x9d, 0xef, 0xed, 0xa5, 0x0,
    0x0, 0x0, 0x0, 0x4d, 0xff, 0xff, 0xff, 0xff,
    0xfe, 0x50, 0x0, 0x0, 0x7f, 0xff, 0xff, 0xff,
    0xff, 0xff, 0xff, 0x80, 0x0, 0x5f, 0xff, 0xff,
    0xea, 0x9a, 0xdf, 0xff, 0xff, 0x50, 0xd, 0xff,
    0xff, 0x50, 0x0, 0x0, 0x4e, 0xff, 0xfd, 0x3,
    0xff, 0xff, 0x50, 0x0, 0x0, 0x0, 0x3f, 0xff,
    0xf2, 0x5f, 0xff, 0xf1, 0x0, 0x0, 0x0, 0x0,
    0x9f, 0xff, 0x14, 0xff, 0xff, 0x30, 0x0, 0x0,
    0x0, 0x0, 0x79, 0x40, 0x1f, 0xff, 0xfc, 0x10,
    0x0, 0x0, 0x0, 0x0, 0x0, 0x0, 0xbf, 0xff,
    0xff, 0x94, 0x0, 0x0, 0x0, 0x0, 0x0, 0x2,
    0xef, 0xff, 0xff, 0xff, 0xda, 0x62, 0x0, 0x0,
    0x0, 0x2, 0xcf, 0xff, 0xff, 0xff, 0xff, 0xfd,
    0x60, 0x0, 0x0, 0x0, 0x5b, 0xff, 0xff, 0xff,
    0xff, 0xff, 0xd2, 0x0, 0x0, 0x0, 0x0, 0x47,
    0xbe, 0xff, 0xff, 0xff, 0xe0, 0x0, 0x0, 0x0,
    0x0, 0x0, 0x2, 0x8f, 0xff, 0xff, 0x70, 0x0,
    0x0, 0x0, 0x0, 0x0, 0x0, 0x2f, 0xff, 0xfc,
    0x8, 0xb6, 0x0, 0x0, 0x0, 0x0, 0x0, 0x9f,
    0xff, 0xe7, 0xff, 0xf5, 0x0, 0x0, 0x0, 0x0,
    0x7, 0xff, 0xfe, 0x8f, 0xff, 0xd1, 0x0, 0x0,
    0x0, 0x0, 0xdf, 0xff, 0xb4, 0xff, 0xff, 0xd3,
    0x0, 0x0, 0x2, 0xcf, 0xff, 0xf6, 0xc, 0xff,
    0xff, 0xfd, 0xa9, 0xad, 0xff, 0xff, 0xfd, 0x0,
    0x1d, 0xff, 0xff, 0xff, 0xff, 0xff, 0xff, 0xfd,
    0x10, 0x0, 0x9, 0xff, 0xff, 0xff, 0xff, 0xff,
    0xf9, 0x10, 0x0, 0x0, 0x1, 0x6a, 0xde, 0xfe,
    0xdb, 0x62, 0x0, 0x0,

    /* U+0054 "T" */
    0xb, 0xff, 0xff, 0xff, 0xff, 0xff, 0xff, 0xff,
    0xff, 0xd2, 0x6f, 0xff, 0xff, 0xff, 0xff, 0xff,
    0xff, 0xff, 0xff, 0xf9, 0x4f, 0xff, 0xff, 0xff,
    0xff, 0xff, 0xff, 0xff, 0xff, 0xf8, 0x6, 0xab,
    0xbb, 0xbb, 0xff, 0xff, 0xcb, 0xbb, 0xba, 0x80,
    0x0, 0x0, 0x0, 0x1, 0xff, 0xff, 0x40, 0x0,
    0x0, 0x0, 0x0, 0x0, 0x0, 0x1, 0xff, 0xff,
    0x40, 0x0, 0x0, 0x0, 0x0, 0x0, 0x0, 0x1,
    0xff, 0xff, 0x40, 0x0, 0x0, 0x0, 0x0, 0x0,
    0x0, 0x1, 0xff, 0xff, 0x40, 0x0, 0x0, 0x0,
    0x0, 0x0, 0x0, 0x1, 0xff, 0xff, 0x40, 0x0,
    0x0, 0x0, 0x0, 0x0, 0x0, 0x1, 0xff, 0xff,
    0x40, 0x0, 0x0, 0x0, 0x0, 0x0, 0x0, 0x1,
    0xff, 0xff, 0x40, 0x0, 0x0, 0x0, 0x0, 0x0,
    0x0, 0x1, 0xff, 0xff, 0x40, 0x0, 0x0, 0x0,
    0x0, 0x0, 0x0, 0x1, 0xff, 0xff, 0x40, 0x0,
    0x0, 0x0, 0x0, 0x0, 0x0, 0x1, 0xff, 0xff,
    0x40, 0x0, 0x0, 0x0, 0x0, 0x0, 0x0, 0x1,
    0xff, 0xff, 0x40, 0x0, 0x0, 0x0, 0x0, 0x0,
    0x0, 0x1, 0xff, 0xff, 0x40, 0x0, 0x0, 0x0,
    0x0, 0x0, 0x0, 0x1, 0xff, 0xff, 0x40, 0x0,
    0x0, 0x0, 0x0, 0x0, 0x0, 0x1, 0xff, 0xff,
    0x40, 0x0, 0x0, 0x0, 0x0, 0x0, 0x0, 0x1,
    0xff, 0xff, 0x40, 0x0, 0x0, 0x0, 0x0, 0x0,
    0x0, 0x1, 0xff, 0xff, 0x40, 0x0, 0x0, 0x0,
    0x0, 0x0, 0x0, 0x1, 0xff, 0xff, 0x40, 0x0,
    0x0, 0x0, 0x0, 0x0, 0x0, 0x0, 0xff, 0xff,
    0x40, 0x0, 0x0, 0x0, 0x0, 0x0, 0x0, 0x0,
    0xef, 0xff, 0x20, 0x0, 0x0, 0x0, 0x0, 0x0,
    0x0, 0x0, 0x5e, 0xe8, 0x0, 0x0, 0x0, 0x0,

    /* U+0055 "U" */
    0x3d, 0xfa, 0x0, 0x0, 0x0, 0x0, 0x0, 0x0,
    0xaf, 0xd2, 0xcf, 0xff, 0x40, 0x0, 0x0, 0x0,
    0x0, 0x6, 0xff, 0xfb, 0xef, 0xff, 0x60, 0x0,
    0x0, 0x0, 0x0, 0x8, 0xff, 0xfd, 0xef, 0xff,
    0x70, 0x0, 0x0, 0x0, 0x0, 0x8, 0xff, 0xfd,
    0xef, 0xff, 0x70, 0x0, 0x0, 0x0, 0x0, 0x8,
    0xff, 0xfd, 0xef, 0xff, 0x70, 0x0, 0x0, 0x0,
    0x0, 0x8, 0xff, 0xfd, 0xef, 0xff, 0x70, 0x0,
    0x0, 0x0, 0x0, 0x8, 0xff, 0xfd, 0xef, 0xff,
    0x70, 0x0, 0x0, 0x0, 0x0, 0x8, 0xff, 0xfd,
    0xef, 0xff, 0x70, 0x0, 0x0, 0x0, 0x0, 0x8,
    0xff, 0xfd, 0xef, 0xff, 0x70, 0x0, 0x0, 0x0,
    0x0, 0x8, 0xff, 0xfd, 0xef, 0xff, 0x70, 0x0,
    0x0, 0x0, 0x0, 0x8, 0xff, 0xfd, 0xef, 0xff,
    0x70, 0x0, 0x0, 0x0, 0x0, 0x8, 0xff, 0xfd,
    0xef, 0xff, 0x70, 0x0, 0x0, 0x0, 0x0, 0x8,
    0xff, 0xfd, 0xef, 0xff, 0x70, 0x0, 0x0, 0x0,
    0x0, 0x8, 0xff, 0xfd, 0xef, 0xff, 0x70, 0x0,
    0x0, 0x0, 0x0, 0x8, 0xff, 0xfd, 0xef, 0xff,
    0x70, 0x0, 0x0, 0x0, 0x0, 0x9, 0xff, 0xfd,
    0xdf, 0xff, 0xa0, 0x0, 0x0, 0x0, 0x0, 0xb,
    0xff, 0xfb, 0xaf, 0xff, 0xf1, 0x0, 0x0, 0x0,
    0x0, 0x1f, 0xff, 0xf9, 0x5f, 0xff, 0xfa, 0x0,
    0x0, 0x0, 0x0, 0xbf, 0xff, 0xf4, 0xd, 0xff,
    0xff, 0xb3, 0x0, 0x0, 0x4c, 0xff, 0xff, 0xc0,
    0x4, 0xff, 0xff, 0xff, 0xed, 0xdf, 0xff, 0xff,
    0xff, 0x20, 0x0, 0x5f, 0xff, 0xff, 0xff, 0xff,
    0xff, 0xff, 0xf4, 0x0, 0x0, 0x3, 0xcf, 0xff,
    0xff, 0xff, 0xff, 0xfb, 0x10, 0x0, 0x0, 0x0,
    0x3, 0x8c, 0xef, 0xfe, 0xc8, 0x30, 0x0, 0x0,

    /* U+0056 "V" */
    0x7, 0xee, 0x60, 0x0, 0x0, 0x0, 0x0, 0x0,
    0x0, 0xbf, 0xc2, 0x2f, 0xff, 0xf1, 0x0, 0x0,
    0x0, 0x0, 0x0, 0x7, 0xff, 0xfb, 0x2f, 0xff,
    0xf6, 0x0, 0x0, 0x0, 0x0, 0x0, 0xd, 0xff,
    0xfa, 0xe, 0xff, 0xfc, 0x0, 0x0, 0x0, 0x0,
    0x0, 0x2f, 0xff, 0xf6, 0x8, 0xff, 0xff, 0x20,
    0x0, 0x0, 0x0, 0x0, 0x8f, 0xff, 0xf1, 0x2,
    0xff, 0xff, 0x70, 0x0, 0x0, 0x0, 0x0, 0xdf,
    0xff, 0xa0, 0x0, 0xcf, 0xff, 0xd0, 0x0, 0x0,
    0x0, 0x3, 0xff, 0xff, 0x40, 0x0, 0x6f, 0xff,
    0xf2, 0x0, 0x0, 0x0, 0x9, 0xff, 0xfd, 0x0,
    0x0, 0xf, 0xff, 0xf8, 0x0, 0x0, 0x0, 0xe,
    0xff, 0xf7, 0x0, 0x0, 0x9, 0xff, 0xfd, 0x0,
    0x0, 0x0, 0x4f, 0xff, 0xf1, 0x0, 0x0, 0x3,
    0xff, 0xff, 0x30, 0x0, 0x0, 0x9f, 0xff, 0xb0,
    0x0, 0x0, 0x0, 0xdf, 0xff, 0x90, 0x0, 0x0,
    0xef, 0xff, 0x50, 0x0, 0x0, 0x0, 0x7f, 0xff,
    0xe0, 0x0, 0x4, 0xff, 0xfe, 0x0, 0x0, 0x0,
    0x0, 0x1f, 0xff, 0xf4, 0x0, 0xa, 0xff, 0xf9,
    0x0, 0x0, 0x0, 0x0, 0xb, 0xff, 0xf9, 0x0,
    0xf, 0xff, 0xf2, 0x0, 0x0, 0x0, 0x0, 0x4,
    0xff, 0xff, 0x0, 0x5f, 0xff, 0xc0, 0x0, 0x0,
    0x0, 0x0, 0x0, 0xef, 0xff, 0x50, 0xbf, 0xff,
    0x60, 0x0, 0x0, 0x0, 0x0, 0x0, 0x8f, 0xff,
    0xa1, 0xff, 0xff, 0x10, 0x0, 0x0, 0x0, 0x0,
    0x0, 0x2f, 0xff, 0xf7, 0xff, 0xfa, 0x0, 0x0,
    0x0, 0x0, 0x0, 0x0, 0xc, 0xff, 0xff, 0xff,
    0xf4, 0x0, 0x0, 0x0, 0x0, 0x0, 0x0, 0x6,
    0xff, 0xff, 0xff, 0xd0, 0x0, 0x0, 0x0, 0x0,
    0x0, 0x0, 0x0, 0xff, 0xff, 0xff, 0x70, 0x0,
    0x0, 0x0, 0x0, 0x0, 0x0, 0x0, 0x7f, 0xff,
    0xfe, 0x10, 0x0, 0x0, 0x0, 0x0, 0x0, 0x0,
    0x0, 0x8, 0xef, 0xc3, 0x0, 0x0, 0x0, 0x0,

    /* U+0057 "W" */
    0x4d, 0xf9, 0x0, 0x0, 0x0, 0x0, 0x4, 0xef,
    0x80, 0x0, 0x0, 0x0, 0x0, 0x4e, 0xe7, 0xc,
    0xff, 0xf4, 0x0, 0x0, 0x0, 0x0, 0xef, 0xff,
    0x40, 0x0, 0x0, 0x0, 0xe, 0xff, 0xf2, 0xcf,
    0xff, 0x80, 0x0, 0x0, 0x0, 0x4f, 0xff, 0xfa,
    0x0, 0x0, 0x0, 0x3, 0xff, 0xff, 0x19, 0xff,
    0xfc, 0x0, 0x0, 0x0, 0x9, 0xff, 0xff, 0xe0,
    0x0, 0x0, 0x0, 0x6f, 0xff, 0xe0, 0x4f, 0xff,
    0xf0, 0x0, 0x0, 0x0, 0xdf, 0xff, 0xff, 0x30,
    0x0, 0x0, 0xa, 0xff, 0xfa, 0x0, 0xff, 0xff,
    0x40, 0x0, 0x0, 0x1f, 0xff, 0xff, 0xf7, 0x0,
    0x0, 0x0, 0xef, 0xff, 0x50, 0xb, 0xff, 0xf8,
    0x0, 0x0, 0x6, 0xff, 0xff, 0xff, 0xb0, 0x0,
    0x0, 0x2f, 0xff, 0xf1, 0x0, 0x7f, 0xff, 0xc0,
    0x0, 0x0, 0xaf, 0xfe, 0x9f, 0xff, 0x0, 0x0,
    0x6, 0xff, 0xfc, 0x0, 0x2, 0xff, 0xff, 0x0,
    0x0, 0xe, 0xff, 0x94, 0xff, 0xf4, 0x0, 0x0,
    0xaf, 0xff, 0x80, 0x0, 0xd, 0xff, 0xf4, 0x0,
    0x3, 0xff, 0xf5, 0xf, 0xff, 0x80, 0x0, 0xe,
    0xff, 0xf3, 0x0, 0x0, 0x9f, 0xff, 0x80, 0x0,
    0x7f, 0xff, 0x0, 0xaf, 0xfd, 0x0, 0x2, 0xff,
    0xfe, 0x0, 0x0, 0x4, 0xff, 0xfc, 0x0, 0xc,
    0xff, 0xb0, 0x6, 0xff, 0xf1, 0x0, 0x6f, 0xff,
    0xa0, 0x0, 0x0, 0xf, 0xff, 0xf0, 0x0, 0xff,
    0xf7, 0x0, 0x1f, 0xff, 0x60, 0xa, 0xff, 0xf5,
    0x0, 0x0, 0x0, 0xbf, 0xff, 0x30, 0x4f, 0xff,
    0x20, 0x0, 0xcf, 0xfa, 0x0, 0xef, 0xff, 0x10,
    0x0, 0x0, 0x7, 0xff, 0xf7, 0x9, 0xff, 0xd0,
    0x0, 0x8, 0xff, 0xe0, 0x2f, 0xff, 0xc0, 0x0,
    0x0, 0x0, 0x2f, 0xff, 0xb0, 0xdf, 0xf9, 0x0,
    0x0, 0x3f, 0xff, 0x36, 0xff, 0xf8, 0x0, 0x0,
    0x0, 0x0, 0xef, 0xff, 0x2f, 0xff, 0x40, 0x0,
    0x0, 0xef, 0xf7, 0xaf, 0xff, 0x30, 0x0, 0x0,
    0x0, 0x9, 0xff, 0xf9, 0xff, 0xf0, 0x0, 0x0,
    0xa, 0xff, 0xcd, 0xff, 0xe0, 0x0, 0x0, 0x0,
    0x0, 0x5f, 0xff, 0xff, 0xfb, 0x0, 0x0, 0x0,
    0x5f, 0xff, 0xff, 0xfa, 0x0, 0x0, 0x0, 0x0,
    0x0, 0xff, 0xff, 0xff, 0x60, 0x0, 0x0, 0x0,
    0xff, 0xff, 0xff, 0x60, 0x0, 0x0, 0x0, 0x0,
    0xb, 0xff, 0xff, 0xf1, 0x0, 0x0, 0x0, 0xb,
    0xff, 0xff, 0xf1, 0x0, 0x0, 0x0, 0x0, 0x0,
    0x7f, 0xff, 0xfc, 0x0, 0x0, 0x0, 0x0, 0x7f,
    0xff, 0xfc, 0x0, 0x0, 0x0, 0x0, 0x0, 0x1,
    0xff, 0xff, 0x70, 0x0, 0x0, 0x0, 0x1, 0xff,
    0xff, 0x70, 0x0, 0x0, 0x0, 0x0, 0x0, 0x5,
    0xef, 0xa0, 0x0, 0x0, 0x0, 0x0, 0x5, 0xef,
    0xa0, 0x0, 0x0, 0x0,

    /* U+0058 "X" */
    0x6, 0xee, 0x40, 0x0, 0x0, 0x0, 0x0, 0x0,
    0x4d, 0xe6, 0x2, 0xff, 0xff, 0x20, 0x0, 0x0,
    0x0, 0x0, 0x2f, 0xff, 0xf0, 0x2f, 0xff, 0xfc,
    0x0, 0x0, 0x0, 0x0, 0xc, 0xff, 0xff, 0x0,
    0xaf, 0xff, 0xf8, 0x0, 0x0, 0x0, 0x7, 0xff,
    0xff, 0x60, 0x1, 0xef, 0xff, 0xf3, 0x0, 0x0,
    0x3, 0xff, 0xff, 0xa0, 0x0, 0x3, 0xff, 0xff,
    0xe0, 0x0, 0x0, 0xdf, 0xff, 0xd0, 0x0, 0x0,
    0x7, 0xff, 0xff, 0xa0, 0x0, 0x9f, 0xff, 0xf2,
    0x0, 0x0, 0x0, 0xb, 0xff, 0xff, 0x50, 0x5f,
    0xff, 0xf6, 0x0, 0x0, 0x0, 0x0, 0x1e, 0xff,
    0xfe, 0x3e, 0xff, 0xfa, 0x0, 0x0, 0x0, 0x0,
    0x0, 0x3f, 0xff, 0xff, 0xff, 0xfd, 0x0, 0x0,
    0x0, 0x0, 0x0, 0x0, 0x7f, 0xff, 0xff, 0xff,
    0x20, 0x0, 0x0, 0x0, 0x0, 0x0, 0x0, 0xbf,
    0xff, 0xff, 0x50, 0x0, 0x0, 0x0, 0x0, 0x0,
    0x0, 0xd, 0xff, 0xff, 0xf5, 0x0, 0x0, 0x0,
    0x0, 0x0, 0x0, 0x9, 0xff, 0xff, 0xff, 0xf2,
    0x0, 0x0, 0x0, 0x0, 0x0, 0x5, 0xff, 0xff,
    0xff, 0xff, 0xc0, 0x0, 0x0, 0x0, 0x0, 0x2,
    0xff, 0xff, 0xd8, 0xff, 0xff, 0x90, 0x0, 0x0,
    0x0, 0x0, 0xcf, 0xff, 0xf3, 0xb, 0xff, 0xff,
    0x50, 0x0, 0x0, 0x0, 0x8f, 0xff, 0xf6, 0x0,
    0x1e, 0xff, 0xff, 0x20, 0x0, 0x0, 0x4f, 0xff,
    0xfb, 0x0, 0x0, 0x4f, 0xff, 0xfc, 0x0, 0x0,
    0x1e, 0xff, 0xfe, 0x10, 0x0, 0x0, 0x9f, 0xff,
    0xf9, 0x0, 0xb, 0xff, 0xff, 0x40, 0x0, 0x0,
    0x0, 0xdf, 0xff, 0xf5, 0x3, 0xff, 0xff, 0x80,
    0x0, 0x0, 0x0, 0x2, 0xff, 0xff, 0xd0, 0x4f,
    0xff, 0xc0, 0x0, 0x0, 0x0, 0x0, 0x6, 0xff,
    0xfd, 0x0, 0xaf, 0xc1, 0x0, 0x0, 0x0, 0x0,
    0x0, 0x7, 0xed, 0x40,

    /* U+0059 "Y" */
    0x5, 0xee, 0x60, 0x0, 0x0, 0x0, 0x0, 0x0,
    0x5, 0xee, 0x50, 0xf, 0xff, 0xf3, 0x0, 0x0,
    0x0, 0x0, 0x0, 0x2f, 0xff, 0xf0, 0xf, 0xff,
    0xfd, 0x0, 0x0, 0x0, 0x0, 0x0, 0xcf, 0xff,
    0xf0, 0x8, 0xff, 0xff, 0x80, 0x0, 0x0, 0x0,
    0x7, 0xff, 0xff, 0x80, 0x0, 0xdf, 0xff, 0xf2,
    0x0, 0x0, 0x0, 0x2f, 0xff, 0xfd, 0x0, 0x0,
    0x3f, 0xff, 0xfc, 0x0, 0x0, 0x0, 0xbf, 0xff,
    0xf3, 0x0, 0x0, 0x8, 0xff, 0xff, 0x60, 0x0,
    0x5, 0xff, 0xff, 0x80, 0x0, 0x0, 0x0, 0xdf,
    0xff, 0xf1, 0x0, 0x1e, 0xff, 0xfd, 0x0, 0x0,
    0x0, 0x0, 0x3f, 0xff, 0xfb, 0x0, 0xaf, 0xff,
    0xf3, 0x0, 0x0, 0x0, 0x0, 0x8, 0xff, 0xff,
    0x54, 0xff, 0xff, 0x80, 0x0, 0x0, 0x0, 0x0,
    0x0, 0xdf, 0xff, 0xee, 0xff, 0xfd, 0x0, 0x0,
    0x0, 0x0, 0x0, 0x0, 0x3f, 0xff, 0xff, 0xff,
    0xf3, 0x0, 0x0, 0x0, 0x0, 0x0, 0x0, 0x8,
    0xff, 0xff, 0xff, 0x80, 0x0, 0x0, 0x0, 0x0,
    0x0, 0x0, 0x0, 0xdf, 0xff, 0xfd, 0x0, 0x0,
    0x0, 0x0, 0x0, 0x0, 0x0, 0x0, 0x4f, 0xff,
    0xf4, 0x0, 0x0, 0x0, 0x0, 0x0, 0x0, 0x0,
    0x0, 0x2f, 0xff, 0xf3, 0x0, 0x0, 0x0, 0x0,
    0x0, 0x0, 0x0, 0x0, 0x2f, 0xff, 0xf3, 0x0,
    0x0, 0x0, 0x0, 0x0, 0x0, 0x0, 0x0, 0x2f,
    0xff, 0xf3, 0x0, 0x0, 0x0, 0x0, 0x0, 0x0,
    0x0, 0x0, 0x2f, 0xff, 0xf3, 0x0, 0x0, 0x0,
    0x0, 0x0, 0x0, 0x0, 0x0, 0x2f, 0xff, 0xf3,
    0x0, 0x0, 0x0, 0x0, 0x0, 0x0, 0x0, 0x0,
    0x2f, 0xff, 0xf3, 0x0, 0x0, 0x0, 0x0, 0x0,
    0x0, 0x0, 0x0, 0x2f, 0xff, 0xf2, 0x0, 0x0,
    0x0, 0x0, 0x0, 0x0, 0x0, 0x0, 0xf, 0xff,
    0xf1, 0x0, 0x0, 0x0, 0x0, 0x0, 0x0, 0x0,
    0x0, 0x6, 0xee, 0x60, 0x0, 0x0, 0x0, 0x0,

    /* U+005A "Z" */
    0xb, 0xff, 0xff, 0xff, 0xff, 0xff, 0xff, 0xff,
    0xf9, 0x0, 0x5f, 0xff, 0xff, 0xff, 0xff, 0xff,
    0xff, 0xff, 0xff, 0x40, 0x4f, 0xff, 0xff, 0xff,
    0xff, 0xff, 0xff, 0xff, 0xff, 0x50, 0x7, 0xbc,
    0xcc, 0xcc, 0xcc, 0xcc, 0xcf, 0xff, 0xfe, 0x0,
    0x0, 0x0, 0x0, 0x0, 0x0, 0x0, 0x5f, 0xff,
    0xf4, 0x0, 0x0, 0x0, 0x0, 0x0, 0x0, 0x2,
    0xff, 0xff, 0x90, 0x0, 0x0, 0x0, 0x0, 0x0,
    0x0, 0xc, 0xff, 0xfc, 0x0, 0x0, 0x0, 0x0,
    0x0, 0x0, 0x0, 0x8f, 0xff, 0xf2, 0x0, 0x0,
    0x0, 0x0, 0x0, 0x0, 0x4, 0xff, 0xff, 0x60,
    0x0, 0x0, 0x0, 0x0, 0x0, 0x0, 0x1e, 0xff,
    0xfa, 0x0, 0x0, 0x0, 0x0, 0x0, 0x0, 0x0,
    0xbf, 0xff, 0xd0, 0x0, 0x0, 0x0, 0x0, 0x0,
    0x0, 0x7, 0xff, 0xff, 0x30, 0x0, 0x0, 0x0,
    0x0, 0x0, 0x0, 0x3f, 0xff, 0xf7, 0x0, 0x0,
    0x0, 0x0, 0x0, 0x0, 0x0, 0xdf, 0xff, 0xb0,
    0x0, 0x0, 0x0, 0x0, 0x0, 0x0, 0xa, 0xff,
    0xfe, 0x10, 0x0, 0x0, 0x0, 0x0, 0x0, 0x0,
    0x6f, 0xff, 0xf4, 0x0, 0x0, 0x0, 0x0, 0x0,
    0x0, 0x2, 0xff, 0xff, 0x90, 0x0, 0x0, 0x0,
    0x0, 0x0, 0x0, 0xc, 0xff, 0xfd, 0x0, 0x0,
    0x0, 0x0, 0x0, 0x0, 0x0, 0x9f, 0xff, 0xf2,
    0x0, 0x0, 0x0, 0x0, 0x0, 0x0, 0x4, 0xff,
    0xff, 0x60, 0x0, 0x0, 0x0, 0x0, 0x0, 0x0,
    0xe, 0xff, 0xff, 0xbb, 0xbb, 0xbb, 0xbb, 0xbb,
    0xba, 0x20, 0x6f, 0xff, 0xff, 0xff, 0xff, 0xff,
    0xff, 0xff, 0xff, 0xe0, 0x5f, 0xff, 0xff, 0xff,
    0xff, 0xff, 0xff, 0xff, 0xff, 0xf0, 0xa, 0xff,
    0xff, 0xff, 0xff, 0xff, 0xff, 0xff, 0xfe, 0x60,

    /* U+005B "[" */
    0x9, 0xef, 0xff, 0xff, 0x90, 0x6f, 0xff, 0xff,
    0xff, 0xf0, 0x9f, 0xff, 0xff, 0xff, 0xb0, 0xaf,
    0xff, 0x72, 0x21, 0x0, 0xaf, 0xff, 0x60, 0x0,
    0x0, 0xaf, 0xff, 0x60, 0x0, 0x0, 0xaf, 0xff,
    0x60, 0x0, 0x0, 0xaf, 0xff, 0x60, 0x0, 0x0,
    0xaf, 0xff, 0x60, 0x0, 0x0, 0xaf, 0xff, 0x60,
    0x0, 0x0, 0xaf, 0xff, 0x60, 0x0, 0x0, 0xaf,
    0xff, 0x60, 0x0, 0x0, 0xaf, 0xff, 0x60, 0x0,
    0x0, 0xaf, 0xff, 0x60, 0x0, 0x0, 0xaf, 0xff,
    0x60, 0x0, 0x0, 0xaf, 0xff, 0x60, 0x0, 0x0,
    0xaf, 0xff, 0x60, 0x0, 0x0, 0xaf, 0xff, 0x60,
    0x0, 0x0, 0xaf, 0xff, 0x60, 0x0, 0x0, 0xaf,
    0xff, 0x60, 0x0, 0x0, 0xaf, 0xff, 0x60, 0x0,
    0x0, 0xaf, 0xff, 0x60, 0x0, 0x0, 0xaf, 0xff,
    0x60, 0x0, 0x0, 0xaf, 0xff, 0x60, 0x0, 0x0,
    0xaf, 0xff, 0x60, 0x0, 0x0, 0xaf, 0xff, 0x60,
    0x0, 0x0, 0x9f, 0xff, 0xff, 0xff, 0xa0, 0x7f,
    0xff, 0xff, 0xff, 0xf0, 0xb, 0xff, 0xff, 0xff,
    0xb0, 0x0, 0x12, 0x22, 0x21, 0x0,

    /* U+005C "\\" */
    0x1c, 0xf7, 0x0, 0x0, 0x0, 0x0, 0x7f, 0xff,
    0x20, 0x0, 0x0, 0x0, 0x6f, 0xff, 0x70, 0x0,
    0x0, 0x0, 0x1f, 0xff, 0xb0, 0x0, 0x0, 0x0,
    0xd, 0xff, 0xf0, 0x0, 0x0, 0x0, 0x8, 0xff,
    0xf5, 0x0, 0x0, 0x0, 0x3, 0xff, 0xf9, 0x0,
    0x0, 0x0, 0x0, 0xff, 0xfe, 0x0, 0x0, 0x0,
    0x0, 0xaf, 0xff, 0x30, 0x0, 0x0, 0x0, 0x6f,
    0xff, 0x70, 0x0, 0x0, 0x0, 0x1f, 0xff, 0xc0,
    0x0, 0x0, 0x0, 0xc, 0xff, 0xf1, 0x0, 0x0,
    0x0, 0x8, 0xff, 0xf5, 0x0, 0x0, 0x0, 0x3,
    0xff, 0xfa, 0x0, 0x0, 0x0, 0x0, 0xef, 0xfe,
    0x0, 0x0, 0x0, 0x0, 0xaf, 0xff, 0x30, 0x0,
    0x0, 0x0, 0x5f, 0xff, 0x80, 0x0, 0x0, 0x0,
    0x1f, 0xff, 0xc0, 0x0, 0x0, 0x0, 0xc, 0xff,
    0xf1, 0x0, 0x0, 0x0, 0x7, 0xff, 0xf6, 0x0,
    0x0, 0x0, 0x2, 0xff, 0xfa, 0x0, 0x0, 0x0,
    0x0, 0xef, 0xff, 0x0, 0x0, 0x0, 0x0, 0x9f,
    0xff, 0x40, 0x0, 0x0, 0x0, 0x4f, 0xff, 0x80,
    0x0, 0x0, 0x0, 0xf, 0xff, 0xd0, 0x0, 0x0,
    0x0, 0xb, 0xff, 0xf2, 0x0, 0x0, 0x0, 0x6,
    0xff, 0xf6, 0x0, 0x0, 0x0, 0x2, 0xff, 0xfb,
    0x0, 0x0, 0x0, 0x0, 0xdf, 0xfc, 0x0, 0x0,
    0x0, 0x0, 0x4e, 0xe5,

    /* U+005D "]" */
    0x5e, 0xff, 0xff, 0xfc, 0x2b, 0xff, 0xff, 0xff,
    0xfb, 0x7f, 0xff, 0xff, 0xff, 0xe0, 0x12, 0x23,
    0xff, 0xff, 0x0, 0x0, 0x1f, 0xff, 0xf0, 0x0,
    0x1, 0xff, 0xff, 0x0, 0x0, 0x1f, 0xff, 0xf0,
    0x0, 0x1, 0xff, 0xff, 0x0, 0x0, 0x1f, 0xff,
    0xf0, 0x0, 0x1, 0xff, 0xff, 0x0, 0x0, 0x1f,
    0xff, 0xf0, 0x0, 0x1, 0xff, 0xff, 0x0, 0x0,
    0x1f, 0xff, 0xf0, 0x0, 0x1, 0xff, 0xff, 0x0,
    0x0, 0x1f, 0xff, 0xf0, 0x0, 0x1, 0xff, 0xff,
    0x0, 0x0, 0x1f, 0xff, 0xf0, 0x0, 0x1, 0xff,
    0xff, 0x0, 0x0, 0x1f, 0xff, 0xf0, 0x0, 0x1,
    0xff, 0xff, 0x0, 0x0, 0x1f, 0xff, 0xf0, 0x0,
    0x1, 0xff, 0xff, 0x0, 0x0, 0x1f, 0xff, 0xf0,
    0x0, 0x1, 0xff, 0xff, 0x0, 0x0, 0x1f, 0xff,
    0xf0, 0x0, 0x1, 0xff, 0xff, 0x5f, 0xff, 0xff,
    0xff, 0xeb, 0xff, 0xff, 0xff, 0xfc, 0x6f, 0xff,
    0xff, 0xfe, 0x30, 0x12, 0x22, 0x21, 0x0,

    /* U+005E "^" */
    0x0, 0x0, 0x4d, 0xfb, 0x10, 0x0, 0x0, 0x0,
    0x1f, 0xff, 0xfc, 0x0, 0x0, 0x0, 0x8, 0xff,
    0xff, 0xf4, 0x0, 0x0, 0x0, 0xef, 0xfb, 0xff,
    0xb0, 0x0, 0x0, 0x6f, 0xfc, 0x1f, 0xff, 0x20,
    0x0, 0xd, 0xff, 0x50, 0xaf, 0xf9, 0x0, 0x5,
    0xff, 0xe0, 0x3, 0xff, 0xf1, 0x0, 0xcf, 0xf7,
    0x0, 0xd, 0xff, 0x70, 0x3f, 0xff, 0x10, 0x0,
    0x6f, 0xfe, 0x7, 0xff, 0xa0, 0x0, 0x0, 0xef,
    0xf3, 0x3e, 0xd2, 0x0, 0x0, 0x6, 0xfc, 0x0,

    /* U+005F "_" */
    0x0, 0x12, 0x22, 0x22, 0x22, 0x22, 0x22, 0x21,
    0x0, 0xb, 0xff, 0xff, 0xff, 0xff, 0xff, 0xff,
    0xff, 0xc0, 0xf, 0xff, 0xff, 0xff, 0xff, 0xff,
    0xff, 0xff, 0xf0, 0x9, 0xff, 0xff, 0xff, 0xff,
    0xff, 0xff, 0xff, 0xa0,

    /* U+0060 "`" */
    0x4, 0x61, 0x0, 0x2, 0xff, 0xc0, 0x0, 0x2f,
    0xff, 0x70, 0x0, 0x8f, 0xff, 0x30, 0x0, 0xcf,
    0xfd, 0x0, 0x1, 0xef, 0xf4, 0x0, 0x3, 0xdd,
    0x10,

    /* U+0061 "a" */
    0x0, 0x0, 0x5, 0xad, 0xef, 0xeb, 0x71, 0x0,
    0x0, 0x0, 0x5e, 0xff, 0xff, 0xff, 0xff, 0xe6,
    0x0, 0x0, 0x5f, 0xff, 0xff, 0xff, 0xff, 0xff,
    0xf5, 0x0, 0xd, 0xff, 0xff, 0x85, 0x58, 0xff,
    0xff, 0xe0, 0x0, 0xff, 0xfe, 0x20, 0x0, 0x3,
    0xff, 0xff, 0x40, 0x7, 0xec, 0x20, 0x0, 0x0,
    0xc, 0xff, 0xf6, 0x0, 0x0, 0x0, 0x0, 0x0,
    0x0, 0xaf, 0xff, 0x70, 0x0, 0x3, 0x79, 0xaa,
    0xaa, 0xae, 0xff, 0xf7, 0x0, 0x2b, 0xff, 0xff,
    0xff, 0xff, 0xff, 0xff, 0x70, 0x1e, 0xff, 0xff,
    0xff, 0xff, 0xff, 0xff, 0xf7, 0x9, 0xff, 0xff,
    0x61, 0x0, 0x0, 0xaf, 0xff, 0x70, 0xef, 0xff,
    0x60, 0x0, 0x0, 0xb, 0xff, 0xf7, 0xf, 0xff,
    0xf3, 0x0, 0x0, 0x0, 0xef, 0xff, 0x70, 0xef,
    0xff, 0x70, 0x0, 0x0, 0x9f, 0xff, 0xf7, 0xa,
    0xff, 0xff, 0x83, 0x35, 0xcf, 0xff, 0xff, 0x70,
    0x2f, 0xff, 0xff, 0xff, 0xff, 0xe9, 0xff, 0xf7,
    0x0, 0x5f, 0xff, 0xff, 0xff, 0xd2, 0x7f, 0xff,
    0x50, 0x0, 0x29, 0xdf, 0xfc, 0x60, 0x1, 0xcf,
    0xb0,

    /* U+0062 "b" */
    0x7, 0xee, 0x40, 0x0, 0x0, 0x0, 0x0, 0x0,
    0x0, 0x1f, 0xff, 0xe0, 0x0, 0x0, 0x0, 0x0,
    0x0, 0x0, 0x2f, 0xff, 0xf0, 0x0, 0x0, 0x0,
    0x0, 0x0, 0x0, 0x3f, 0xff, 0xf0, 0x0, 0x0,
    0x0, 0x0, 0x0, 0x0, 0x3f, 0xff, 0xf0, 0x0,
    0x0, 0x0, 0x0, 0x0, 0x0, 0x3f, 0xff, 0xf0,
    0x0, 0x0, 0x0, 0x0, 0x0, 0x0, 0x3f, 0xff,
    0xf0, 0x3, 0x9d, 0xfe, 0xc6, 0x0, 0x0, 0x3f,
    0xff, 0xf0, 0x7f, 0xff, 0xff, 0xff, 0xc1, 0x0,
    0x3f, 0xff, 0xf5, 0xff, 0xff, 0xff, 0xff, 0xfd,
    0x0, 0x3f, 0xff, 0xff, 0xfe, 0x97, 0xaf, 0xff,
    0xff, 0x80, 0x3f, 0xff, 0xff, 0xa0, 0x0, 0x2,
    0xef, 0xff, 0xf1, 0x3f, 0xff, 0xfd, 0x0, 0x0,
    0x0, 0x4f, 0xff, 0xf5, 0x3f, 0xff, 0xf6, 0x0,
    0x0, 0x0, 0xd, 0xff, 0xf9, 0x3f, 0xff, 0xf2,
    0x0, 0x0, 0x0, 0x9, 0xff, 0xfb, 0x3f, 0xff,
    0xf0, 0x0, 0x0, 0x0, 0x7, 0xff, 0xfd, 0x3f,
    0xff, 0xf0, 0x0, 0x0, 0x0, 0x7, 0xff, 0xfd,
    0x3f, 0xff, 0xf2, 0x0, 0x0, 0x0, 0x9, 0xff,
    0xfb, 0x3f, 0xff, 0xf6, 0x0, 0x0, 0x0, 0xd,
    0xff, 0xfa, 0x3f, 0xff, 0xfd, 0x0, 0x0, 0x0,
    0x4f, 0xff, 0xf5, 0x3f, 0xff, 0xff, 0xa0, 0x0,
    0x2, 0xef, 0xff, 0xf1, 0x3f, 0xff, 0xff, 0xfe,
    0x98, 0xbf, 0xff, 0xff, 0x80, 0x2f, 0xff, 0xe6,
    0xff, 0xff, 0xff, 0xff, 0xfd, 0x0, 0x1f, 0xff,
    0xc0, 0x8f, 0xff, 0xff, 0xff, 0xd1, 0x0, 0x8,
    0xfd, 0x30, 0x3, 0xad, 0xff, 0xc6, 0x0, 0x0,

    /* U+0063 "c" */
    0x0, 0x0, 0x2, 0x8c, 0xff, 0xec, 0x71, 0x0,
    0x0, 0x0, 0x8, 0xff, 0xff, 0xff, 0xff, 0xf7,
    0x0, 0x0, 0xb, 0xff, 0xff, 0xff, 0xff, 0xff,
    0xf9, 0x0, 0x7, 0xff, 0xff, 0xe8, 0x68, 0xdf,
    0xff, 0xf5, 0x1, 0xff, 0xff, 0xb0, 0x0, 0x0,
    0xaf, 0xff, 0xb0, 0x8f, 0xff, 0xe1, 0x0, 0x0,
    0x0, 0xdf, 0xfd, 0xc, 0xff, 0xf9, 0x0, 0x0,
    0x0, 0x2, 0xbc, 0x40, 0xef, 0xff, 0x50, 0x0,
    0x0, 0x0, 0x0, 0x0, 0xf, 0xff, 0xf3, 0x0,
    0x0, 0x0, 0x0, 0x0, 0x0, 0xff, 0xff, 0x30,
    0x0, 0x0, 0x0, 0x0, 0x0, 0xf, 0xff, 0xf5,
    0x0, 0x0, 0x0, 0x0, 0x0, 0x0, 0xcf, 0xff,
    0x90, 0x0, 0x0, 0x0, 0x1a, 0xb4, 0x8, 0xff,
    0xfe, 0x10, 0x0, 0x0, 0xc, 0xff, 0xd0, 0x2f,
    0xff, 0xfb, 0x0, 0x0, 0x9, 0xff, 0xfd, 0x0,
    0x8f, 0xff, 0xfe, 0x86, 0x7d, 0xff, 0xff, 0x60,
    0x0, 0xbf, 0xff, 0xff, 0xff, 0xff, 0xff, 0xa0,
    0x0, 0x0, 0x8f, 0xff, 0xff, 0xff, 0xff, 0x70,
    0x0, 0x0, 0x0, 0x29, 0xcf, 0xfe, 0xc7, 0x10,
    0x0,

    /* U+0064 "d" */
    0x0, 0x0, 0x0, 0x0, 0x0, 0x0, 0x0, 0x7e,
    0xe4, 0x0, 0x0, 0x0, 0x0, 0x0, 0x0, 0x1,
    0xff, 0xfe, 0x0, 0x0, 0x0, 0x0, 0x0, 0x0,
    0x3, 0xff, 0xff, 0x0, 0x0, 0x0, 0x0, 0x0,
    0x0, 0x3, 0xff, 0xff, 0x0, 0x0, 0x0, 0x0,
    0x0, 0x0, 0x3, 0xff, 0xff, 0x0, 0x0, 0x0,
    0x0, 0x0, 0x0, 0x3, 0xff, 0xff, 0x0, 0x0,
    0x7, 0xcf, 0xfd, 0x92, 0x3, 0xff, 0xff, 0x0,
    0x2, 0xef, 0xff, 0xff, 0xff, 0x53, 0xff, 0xff,
    0x0, 0x2e, 0xff, 0xff, 0xff, 0xff, 0xf7, 0xff,
    0xff, 0x0, 0xbf, 0xff, 0xff, 0x97, 0x9e, 0xff,
    0xff, 0xff, 0x3, 0xff, 0xff, 0xc1, 0x0, 0x1,
    0xcf, 0xff, 0xff, 0x8, 0xff, 0xff, 0x10, 0x0,
    0x0, 0x1f, 0xff, 0xff, 0xc, 0xff, 0xfa, 0x0,
    0x0, 0x0, 0x9, 0xff, 0xff, 0xe, 0xff, 0xf6,
    0x0, 0x0, 0x0, 0x5, 0xff, 0xff, 0xf, 0xff,
    0xf4, 0x0, 0x0, 0x0, 0x3, 0xff, 0xff, 0xf,
    0xff, 0xf4, 0x0, 0x0, 0x0, 0x3, 0xff, 0xff,
    0xe, 0xff, 0xf6, 0x0, 0x0, 0x0, 0x5, 0xff,
    0xff, 0xc, 0xff, 0xfa, 0x0, 0x0, 0x0, 0x9,
    0xff, 0xff, 0x8, 0xff, 0xff, 0x10, 0x0, 0x0,
    0x1e, 0xff, 0xff, 0x3, 0xff, 0xff, 0xc1, 0x0,
    0x0, 0xbf, 0xff, 0xff, 0x0, 0xbf, 0xff, 0xfe,
    0x97, 0x9e, 0xfe, 0xff, 0xff, 0x0, 0x2e, 0xff,
    0xff, 0xff, 0xff, 0xf6, 0xff, 0xff, 0x0, 0x2,
    0xef, 0xff, 0xff, 0xff, 0x61, 0xff, 0xfe, 0x0,
    0x0, 0x7, 0xcf, 0xfe, 0x92, 0x0, 0x7e, 0xe5,

    /* U+0065 "e" */
    0x0, 0x0, 0x3, 0x9d, 0xff, 0xeb, 0x70, 0x0,
    0x0, 0x0, 0x0, 0x9f, 0xff, 0xff, 0xff, 0xfe,
    0x40, 0x0, 0x0, 0xb, 0xff, 0xff, 0xff, 0xff,
    0xff, 0xf6, 0x0, 0x0, 0x7f, 0xff, 0xfa, 0x54,
    0x6d, 0xff, 0xff, 0x30, 0x1, 0xff, 0xff, 0x40,
    0x0, 0x0, 0xaf, 0xff, 0xb0, 0x7, 0xff, 0xf9,
    0x0, 0x0, 0x0, 0x1f, 0xff, 0xf1, 0xc, 0xff,
    0xf4, 0x0, 0x0, 0x0, 0xc, 0xff, 0xf5, 0xe,
    0xff, 0xff, 0xff, 0xff, 0xff, 0xff, 0xff, 0xf6,
    0xf, 0xff, 0xff, 0xff, 0xff, 0xff, 0xff, 0xff,
    0xf4, 0xf, 0xff, 0xfc, 0xbb, 0xbb, 0xbb, 0xbb,
    0xbb, 0x70, 0xe, 0xff, 0xf2, 0x0, 0x0, 0x0,
    0x0, 0x0, 0x0, 0xc, 0xff, 0xf5, 0x0, 0x0,
    0x0, 0x0, 0x13, 0x0, 0x8, 0xff, 0xfb, 0x0,
    0x0, 0x0, 0x3, 0xef, 0xa0, 0x2, 0xff, 0xff,
    0x60, 0x0, 0x0, 0x3e, 0xff, 0xf0, 0x0, 0xaf,
    0xff, 0xfa, 0x53, 0x59, 0xff, 0xff, 0xa0, 0x0,
    0xd, 0xff, 0xff, 0xff, 0xff, 0xff, 0xfd, 0x10,
    0x0, 0x0, 0xaf, 0xff, 0xff, 0xff, 0xff, 0xb1,
    0x0, 0x0, 0x0, 0x3, 0x8c, 0xef, 0xec, 0x83,
    0x0, 0x0,

    /* U+0066 "f" */
    0x0, 0x0, 0x3a, 0xef, 0xeb, 0x30, 0x0, 0x4f,
    0xff, 0xff, 0xfd, 0x0, 0xc, 0xff, 0xff, 0xff,
    0x80, 0x1, 0xff, 0xff, 0x92, 0x0, 0x0, 0x2f,
    0xff, 0xf0, 0x0, 0x0, 0x2, 0xff, 0xff, 0x0,
    0x0, 0x6f, 0xff, 0xff, 0xff, 0xfe, 0x5c, 0xff,
    0xff, 0xff, 0xff, 0xfb, 0x8f, 0xff, 0xff, 0xff,
    0xff, 0x70, 0x14, 0xff, 0xff, 0x32, 0x10, 0x0,
    0x2f, 0xff, 0xf0, 0x0, 0x0, 0x2, 0xff, 0xff,
    0x0, 0x0, 0x0, 0x2f, 0xff, 0xf0, 0x0, 0x0,
    0x2, 0xff, 0xff, 0x0, 0x0, 0x0, 0x2f, 0xff,
    0xf0, 0x0, 0x0, 0x2, 0xff, 0xff, 0x0, 0x0,
    0x0, 0x2f, 0xff, 0xf0, 0x0, 0x0, 0x2, 0xff,
    0xff, 0x0, 0x0, 0x0, 0x2f, 0xff, 0xf0, 0x0,
    0x0, 0x2, 0xff, 0xff, 0x0, 0x0, 0x0, 0x2f,
    0xff, 0xf0, 0x0, 0x0, 0x2, 0xff, 0xff, 0x0,
    0x0, 0x0, 0xf, 0xff, 0xe0, 0x0, 0x0, 0x0,
    0x6e, 0xe5, 0x0, 0x0,

    /* U+0067 "g" */
    0x0, 0x0, 0x7, 0xcf, 0xfd, 0x92, 0x0, 0x6e,
    0xe5, 0x0, 0x0, 0x2e, 0xff, 0xff, 0xff, 0xf5,
    0x1f, 0xff, 0xe0, 0x0, 0x2f, 0xff, 0xff, 0xff,
    0xff, 0xf7, 0xff, 0xff, 0x0, 0xb, 0xff, 0xff,
    0xd7, 0x57, 0xdf, 0xff, 0xff, 0xf0, 0x3, 0xff,
    0xff, 0xb0, 0x0, 0x0, 0xbf, 0xff, 0xff, 0x0,
    0x8f, 0xff, 0xf1, 0x0, 0x0, 0x1, 0xff, 0xff,
    0xf0, 0xc, 0xff, 0xfa, 0x0, 0x0, 0x0, 0x9,
    0xff, 0xff, 0x0, 0xef, 0xff, 0x60, 0x0, 0x0,
    0x0, 0x5f, 0xff, 0xf0, 0xf, 0xff, 0xf4, 0x0,
    0x0, 0x0, 0x3, 0xff, 0xff, 0x0, 0xff, 0xff,
    0x40, 0x0, 0x0, 0x0, 0x3f, 0xff, 0xf0, 0xe,
    0xff, 0xf5, 0x0, 0x0, 0x0, 0x4, 0xff, 0xff,
    0x0, 0xcf, 0xff, 0x90, 0x0, 0x0, 0x0, 0x8f,
    0xff, 0xf0, 0x8, 0xff, 0xfe, 0x10, 0x0, 0x0,
    0xe, 0xff, 0xff, 0x0, 0x3f, 0xff, 0xfa, 0x0,
    0x0, 0xa, 0xff, 0xff, 0xf0, 0x0, 0xbf, 0xff,
    0xfc, 0x64, 0x6c, 0xff, 0xff, 0xff, 0x0, 0x2,
    0xef, 0xff, 0xff, 0xff, 0xff, 0x7f, 0xff, 0xf0,
    0x0, 0x2, 0xef, 0xff, 0xff, 0xff, 0x63, 0xff,
    0xff, 0x0, 0x0, 0x1, 0x7c, 0xff, 0xd9, 0x20,
    0x3f, 0xff, 0xf0, 0x0, 0x25, 0x20, 0x0, 0x0,
    0x0, 0x7, 0xff, 0xfd, 0x0, 0x1f, 0xff, 0x90,
    0x0, 0x0, 0x3, 0xff, 0xff, 0x90, 0x2, 0xff,
    0xff, 0xe9, 0x55, 0x7a, 0xff, 0xff, 0xf1, 0x0,
    0x8, 0xff, 0xff, 0xff, 0xff, 0xff, 0xff, 0xf4,
    0x0, 0x0, 0x6, 0xef, 0xff, 0xff, 0xff, 0xff,
    0xd3, 0x0, 0x0, 0x0, 0x1, 0x6a, 0xde, 0xfe,
    0xd9, 0x40, 0x0, 0x0,

    /* U+0068 "h" */
    0x7, 0xee, 0x40, 0x0, 0x0, 0x0, 0x0, 0x0,
    0x1, 0xff, 0xfd, 0x0, 0x0, 0x0, 0x0, 0x0,
    0x0, 0x2f, 0xff, 0xe0, 0x0, 0x0, 0x0, 0x0,
    0x0, 0x3, 0xff, 0xff, 0x0, 0x0, 0x0, 0x0,
    0x0, 0x0, 0x3f, 0xff, 0xf0, 0x0, 0x0, 0x0,
    0x0, 0x0, 0x3, 0xff, 0xff, 0x0, 0x0, 0x0,
    0x0, 0x0, 0x0, 0x3f, 0xff, 0xf0, 0x3, 0xad,
    0xfe, 0xb6, 0x0, 0x3, 0xff, 0xff, 0x8, 0xff,
    0xff, 0xff, 0xfb, 0x0, 0x3f, 0xff, 0xf6, 0xff,
    0xff, 0xff, 0xff, 0xfa, 0x3, 0xff, 0xff, 0xff,
    0xd9, 0x9d, 0xff, 0xff, 0xf3, 0x3f, 0xff, 0xff,
    0x50, 0x0, 0x8, 0xff, 0xff, 0x83, 0xff, 0xff,
    0x80, 0x0, 0x0, 0xd, 0xff, 0xfa, 0x3f, 0xff,
    0xf2, 0x0, 0x0, 0x0, 0x9f, 0xff, 0xb3, 0xff,
    0xff, 0x0, 0x0, 0x0, 0x7, 0xff, 0xfc, 0x3f,
    0xff, 0xf0, 0x0, 0x0, 0x0, 0x7f, 0xff, 0xc3,
    0xff, 0xff, 0x0, 0x0, 0x0, 0x7, 0xff, 0xfc,
    0x3f, 0xff, 0xf0, 0x0, 0x0, 0x0, 0x7f, 0xff,
    0xc3, 0xff, 0xff, 0x0, 0x0, 0x0, 0x7, 0xff,
    0xfc, 0x3f, 0xff, 0xf0, 0x0, 0x0, 0x0, 0x7f,
    0xff, 0xc3, 0xff, 0xff, 0x0, 0x0, 0x0, 0x7,
    0xff, 0xfc, 0x3f, 0xff, 0xf0, 0x0, 0x0, 0x0,
    0x7f, 0xff, 0xc2, 0xff, 0xff, 0x0, 0x0, 0x0,
    0x6, 0xff, 0xfb, 0x1f, 0xff, 0xe0, 0x0, 0x0,
    0x0, 0x5f, 0xff, 0xa0, 0x7e, 0xe4, 0x0, 0x0,
    0x0, 0x0, 0xaf, 0xc2,

    /* U+0069 "i" */
    0x8, 0xed, 0x40, 0x4f, 0xff, 0xf0, 0x6f, 0xff,
    0xf2, 0x1e, 0xff, 0xc0, 0x1, 0x76, 0x0, 0x0,
    0x0, 0x0, 0x7, 0xed, 0x40, 0x1f, 0xff, 0xd0,
    0x3f, 0xff, 0xf0, 0x3f, 0xff, 0xf0, 0x3f, 0xff,
    0xf0, 0x3f, 0xff, 0xf0, 0x3f, 0xff, 0xf0, 0x3f,
    0xff, 0xf0, 0x3f, 0xff, 0xf0, 0x3f, 0xff, 0xf0,
    0x3f, 0xff, 0xf0, 0x3f, 0xff, 0xf0, 0x3f, 0xff,
    0xf0, 0x3f, 0xff, 0xf0, 0x3f, 0xff, 0xf0, 0x3f,
    0xff, 0xf0, 0x1f, 0xff, 0xd0, 0x7, 0xee, 0x40,

    /* U+006A "j" */
    0x0, 0x0, 0x8e, 0xd4, 0x0, 0x0, 0x4f, 0xff,
    0xf0, 0x0, 0x6, 0xff, 0xff, 0x20, 0x0, 0x1f,
    0xff, 0xc0, 0x0, 0x0, 0x27, 0x60, 0x0, 0x0,
    0x0, 0x0, 0x0, 0x0, 0x0, 0x7e, 0xd3, 0x0,
    0x0, 0x2f, 0xff, 0xc0, 0x0, 0x3, 0xff, 0xfe,
    0x0, 0x0, 0x4f, 0xff, 0xf0, 0x0, 0x4, 0xff,
    0xff, 0x0, 0x0, 0x4f, 0xff, 0xf0, 0x0, 0x4,
    0xff, 0xff, 0x0, 0x0, 0x4f, 0xff, 0xf0, 0x0,
    0x4, 0xff, 0xff, 0x0, 0x0, 0x4f, 0xff, 0xf0,
    0x0, 0x4, 0xff, 0xff, 0x0, 0x0, 0x4f, 0xff,
    0xf0, 0x0, 0x4, 0xff, 0xff, 0x0, 0x0, 0x4f,
    0xff, 0xf0, 0x0, 0x4, 0xff, 0xff, 0x0, 0x0,
    0x4f, 0xff, 0xf0, 0x0, 0x4, 0xff, 0xff, 0x0,
    0x0, 0x4f, 0xff, 0xf0, 0x0, 0x4, 0xff, 0xfe,
    0x0, 0x0, 0x6f, 0xff, 0xe0, 0x1, 0x5e, 0xff,
    0xfc, 0x4, 0xff, 0xff, 0xff, 0x60, 0x7f, 0xff,
    0xff, 0xb0, 0x1, 0xaf, 0xfd, 0x70, 0x0,

    /* U+006B "k" */
    0x7, 0xee, 0x40, 0x0, 0x0, 0x0, 0x0, 0x0,
    0x1f, 0xff, 0xe0, 0x0, 0x0, 0x0, 0x0, 0x0,
    0x2f, 0xff, 0xf0, 0x0, 0x0, 0x0, 0x0, 0x0,
    0x3f, 0xff, 0xf0, 0x0, 0x0, 0x0, 0x0, 0x0,
    0x3f, 0xff, 0xf0, 0x0, 0x0, 0x0, 0x0, 0x0,
    0x3f, 0xff, 0xf0, 0x0, 0x0, 0x0, 0x0, 0x0,
    0x3f, 0xff, 0xf0, 0x0, 0x0, 0x0, 0xaf, 0xb0,
    0x3f, 0xff, 0xf0, 0x0, 0x0, 0xc, 0xff, 0xf5,
    0x3f, 0xff, 0xf0, 0x0, 0x0, 0xcf, 0xff, 0xf3,
    0x3f, 0xff, 0xf0, 0x0, 0x1c, 0xff, 0xff, 0x60,
    0x3f, 0xff, 0xf0, 0x1, 0xdf, 0xff, 0xf5, 0x0,
    0x3f, 0xff, 0xf0, 0x1d, 0xff, 0xff, 0x40, 0x0,
    0x3f, 0xff, 0xf1, 0xdf, 0xff, 0xf3, 0x0, 0x0,
    0x3f, 0xff, 0xfd, 0xff, 0xfe, 0x30, 0x0, 0x0,
    0x3f, 0xff, 0xff, 0xff, 0xff, 0x20, 0x0, 0x0,
    0x3f, 0xff, 0xff, 0xff, 0xff, 0xd0, 0x0, 0x0,
    0x3f, 0xff, 0xff, 0x9f, 0xff, 0xfb, 0x0, 0x0,
    0x3f, 0xff, 0xf4, 0x8, 0xff, 0xff, 0x80, 0x0,
    0x3f, 0xff, 0xf0, 0x0, 0xbf, 0xff, 0xf5, 0x0,
    0x3f, 0xff, 0xf0, 0x0, 0xd, 0xff, 0xff, 0x30,
    0x3f, 0xff, 0xf0, 0x0, 0x2, 0xff, 0xff, 0xe1,
    0x2f, 0xff, 0xf0, 0x0, 0x0, 0x5f, 0xff, 0xf8,
    0x1f, 0xff, 0xe0, 0x0, 0x0, 0x8, 0xff, 0xfa,
    0x7, 0xee, 0x40, 0x0, 0x0, 0x0, 0x9e, 0xd2,

    /* U+006C "l" */
    0x7, 0xee, 0x41, 0xff, 0xfe, 0x2f, 0xff, 0xf3,
    0xff, 0xff, 0x3f, 0xff, 0xf3, 0xff, 0xff, 0x3f,
    0xff, 0xf3, 0xff, 0xff, 0x3f, 0xff, 0xf3, 0xff,
    0xff, 0x3f, 0xff, 0xf3, 0xff, 0xff, 0x3f, 0xff,
    0xf3, 0xff, 0xff, 0x3f, 0xff, 0xf3, 0xff, 0xff,
    0x3f, 0xff, 0xf3, 0xff, 0xff, 0x3f, 0xff, 0xf3,
    0xff, 0xff, 0x3f, 0xff, 0xf2, 0xff, 0xff, 0x1f,
    0xff, 0xe0, 0x7e, 0xe4,

    /* U+006D "m" */
    0x9, 0xfc, 0x20, 0x7, 0xcf, 0xeb, 0x40, 0x0,
    0x5, 0xbe, 0xfd, 0x92, 0x0, 0x3, 0xff, 0xf9,
    0x1c, 0xff, 0xff, 0xff, 0x80, 0xa, 0xff, 0xff,
    0xff, 0xf5, 0x0, 0x5f, 0xff, 0xbb, 0xff, 0xff,
    0xff, 0xff, 0x49, 0xff, 0xff, 0xff, 0xff, 0xf3,
    0x5, 0xff, 0xfe, 0xff, 0xa9, 0xdf, 0xff, 0xfd,
    0xff, 0xd9, 0xaf, 0xff, 0xff, 0xa0, 0x5f, 0xff,
    0xfd, 0x10, 0x0, 0x7f, 0xff, 0xff, 0x70, 0x0,
    0x1d, 0xff, 0xfe, 0x5, 0xff, 0xff, 0x40, 0x0,
    0x0, 0xef, 0xff, 0xc0, 0x0, 0x0, 0x5f, 0xff,
    0xf0, 0x5f, 0xff, 0xf0, 0x0, 0x0, 0xb, 0xff,
    0xf8, 0x0, 0x0, 0x2, 0xff, 0xff, 0x15, 0xff,
    0xfe, 0x0, 0x0, 0x0, 0xaf, 0xff, 0x60, 0x0,
    0x0, 0x2f, 0xff, 0xf1, 0x5f, 0xff, 0xe0, 0x0,
    0x0, 0xa, 0xff, 0xf6, 0x0, 0x0, 0x2, 0xff,
    0xff, 0x15, 0xff, 0xfe, 0x0, 0x0, 0x0, 0xaf,
    0xff, 0x60, 0x0, 0x0, 0x2f, 0xff, 0xf1, 0x5f,
    0xff, 0xe0, 0x0, 0x0, 0xa, 0xff, 0xf6, 0x0,
    0x0, 0x2, 0xff, 0xff, 0x15, 0xff, 0xfe, 0x0,
    0x0, 0x0, 0xaf, 0xff, 0x60, 0x0, 0x0, 0x2f,
    0xff, 0xf1, 0x5f, 0xff, 0xe0, 0x0, 0x0, 0xa,
    0xff, 0xf6, 0x0, 0x0, 0x2, 0xff, 0xff, 0x15,
    0xff, 0xfe, 0x0, 0x0, 0x0, 0xaf, 0xff, 0x60,
    0x0, 0x0, 0x2f, 0xff, 0xf1, 0x5f, 0xff, 0xe0,
    0x0, 0x0, 0xa, 0xff, 0xf6, 0x0, 0x0, 0x2,
    0xff, 0xff, 0x15, 0xff, 0xfd, 0x0, 0x0, 0x0,
    0xaf, 0xff, 0x60, 0x0, 0x0, 0x1f, 0xff, 0xf1,
    0x3f, 0xff, 0xc0, 0x0, 0x0, 0x9, 0xff, 0xf4,
    0x0, 0x0, 0x0, 0xff, 0xff, 0x0, 0x9f, 0xd3,
    0x0, 0x0, 0x0, 0x1c, 0xfa, 0x0, 0x0, 0x0,
    0x6, 0xee, 0x50,

    /* U+006E "n" */
    0x9, 0xfc, 0x20, 0x5, 0xbe, 0xfd, 0xa3, 0x0,
    0x3, 0xff, 0xfa, 0xb, 0xff, 0xff, 0xff, 0xf8,
    0x0, 0x5f, 0xff, 0xca, 0xff, 0xff, 0xff, 0xff,
    0xf5, 0x5, 0xff, 0xff, 0xff, 0xc9, 0xbe, 0xff,
    0xff, 0xe0, 0x5f, 0xff, 0xff, 0x40, 0x0, 0x1b,
    0xff, 0xff, 0x35, 0xff, 0xff, 0x60, 0x0, 0x0,
    0x2f, 0xff, 0xf5, 0x5f, 0xff, 0xf0, 0x0, 0x0,
    0x0, 0xef, 0xff, 0x65, 0xff, 0xfe, 0x0, 0x0,
    0x0, 0xc, 0xff, 0xf7, 0x5f, 0xff, 0xe0, 0x0,
    0x0, 0x0, 0xcf, 0xff, 0x75, 0xff, 0xfe, 0x0,
    0x0, 0x0, 0xc, 0xff, 0xf7, 0x5f, 0xff, 0xe0,
    0x0, 0x0, 0x0, 0xcf, 0xff, 0x75, 0xff, 0xfe,
    0x0, 0x0, 0x0, 0xc, 0xff, 0xf7, 0x5f, 0xff,
    0xe0, 0x0, 0x0, 0x0, 0xcf, 0xff, 0x75, 0xff,
    0xfe, 0x0, 0x0, 0x0, 0xc, 0xff, 0xf7, 0x5f,
    0xff, 0xe0, 0x0, 0x0, 0x0, 0xcf, 0xff, 0x75,
    0xff, 0xfd, 0x0, 0x0, 0x0, 0xc, 0xff, 0xf6,
    0x3f, 0xff, 0xc0, 0x0, 0x0, 0x0, 0xaf, 0xff,
    0x50, 0x8f, 0xd3, 0x0, 0x0, 0x0, 0x2, 0xcf,
    0xa0,

    /* U+006F "o" */
    0x0, 0x0, 0x2, 0x8c, 0xff, 0xfc, 0x82, 0x0,
    0x0, 0x0, 0x0, 0x8, 0xff, 0xff, 0xff, 0xff,
    0xf8, 0x0, 0x0, 0x0, 0xb, 0xff, 0xff, 0xff,
    0xff, 0xff, 0xfb, 0x0, 0x0, 0x7, 0xff, 0xff,
    0xd7, 0x57, 0xdf, 0xff, 0xf7, 0x0, 0x1, 0xff,
    0xff, 0xb0, 0x0, 0x0, 0xbf, 0xff, 0xf2, 0x0,
    0x8f, 0xff, 0xe1, 0x0, 0x0, 0x1, 0xef, 0xff,
    0x80, 0xc, 0xff, 0xf9, 0x0, 0x0, 0x0, 0x9,
    0xff, 0xfc, 0x0, 0xef, 0xff, 0x50, 0x0, 0x0,
    0x0, 0x5f, 0xff, 0xf0, 0xf, 0xff, 0xf4, 0x0,
    0x0, 0x0, 0x4, 0xff, 0xff, 0x0, 0xff, 0xff,
    0x40, 0x0, 0x0, 0x0, 0x4f, 0xff, 0xf0, 0xf,
    0xff, 0xf5, 0x0, 0x0, 0x0, 0x5, 0xff, 0xff,
    0x0, 0xcf, 0xff, 0x90, 0x0, 0x0, 0x0, 0x9f,
    0xff, 0xc0, 0x8, 0xff, 0xfe, 0x0, 0x0, 0x0,
    0xe, 0xff, 0xf8, 0x0, 0x2f, 0xff, 0xfa, 0x0,
    0x0, 0xa, 0xff, 0xff, 0x20, 0x0, 0x8f, 0xff,
    0xfd, 0x75, 0x7d, 0xff, 0xff, 0x80, 0x0, 0x0,
    0xbf, 0xff, 0xff, 0xff, 0xff, 0xff, 0xb0, 0x0,
    0x0, 0x0, 0x9f, 0xff, 0xff, 0xff, 0xff, 0x90,
    0x0, 0x0, 0x0, 0x0, 0x29, 0xcf, 0xff, 0xc9,
    0x20, 0x0, 0x0,

    /* U+0070 "p" */
    0x9, 0xfd, 0x20, 0x4, 0xbe, 0xfe, 0xb5, 0x0,
    0x0, 0x3f, 0xff, 0xa0, 0xaf, 0xff, 0xff, 0xff,
    0xb0, 0x0, 0x5f, 0xff, 0xc9, 0xff, 0xff, 0xff,
    0xff, 0xfb, 0x0, 0x5f, 0xff, 0xef, 0xfe, 0x99,
    0xcf, 0xff, 0xff, 0x60, 0x5f, 0xff, 0xff, 0x90,
    0x0, 0x5, 0xff, 0xff, 0xe0, 0x5f, 0xff, 0xfb,
    0x0, 0x0, 0x0, 0x7f, 0xff, 0xf3, 0x5f, 0xff,
    0xf4, 0x0, 0x0, 0x0, 0xf, 0xff, 0xf7, 0x5f,
    0xff, 0xf0, 0x0, 0x0, 0x0, 0xb, 0xff, 0xf9,
    0x5f, 0xff, 0xe0, 0x0, 0x0, 0x0, 0xa, 0xff,
    0xfa, 0x5f, 0xff, 0xe0, 0x0, 0x0, 0x0, 0x9,
    0xff, 0xfa, 0x5f, 0xff, 0xf0, 0x0, 0x0, 0x0,
    0xb, 0xff, 0xf9, 0x5f, 0xff, 0xf4, 0x0, 0x0,
    0x0, 0xf, 0xff, 0xf7, 0x5f, 0xff, 0xfb, 0x0,
    0x0, 0x0, 0x6f, 0xff, 0xf3, 0x5f, 0xff, 0xff,
    0x70, 0x0, 0x3, 0xff, 0xff, 0xe0, 0x5f, 0xff,
    0xff, 0xfc, 0x87, 0xbf, 0xff, 0xff, 0x60, 0x5f,
    0xff, 0xe9, 0xff, 0xff, 0xff, 0xff, 0xfc, 0x0,
    0x5f, 0xff, 0xe0, 0xaf, 0xff, 0xff, 0xff, 0xb0,
    0x0, 0x5f, 0xff, 0xe0, 0x5, 0xbe, 0xfe, 0xb5,
    0x0, 0x0, 0x5f, 0xff, 0xe0, 0x0, 0x0, 0x0,
    0x0, 0x0, 0x0, 0x5f, 0xff, 0xe0, 0x0, 0x0,
    0x0, 0x0, 0x0, 0x0, 0x5f, 0xff, 0xe0, 0x0,
    0x0, 0x0, 0x0, 0x0, 0x0, 0x5f, 0xff, 0xd0,
    0x0, 0x0, 0x0, 0x0, 0x0, 0x0, 0x3f, 0xff,
    0xb0, 0x0, 0x0, 0x0, 0x0, 0x0, 0x0, 0x8,
    0xfd, 0x30, 0x0, 0x0, 0x0, 0x0, 0x0, 0x0,

    /* U+0071 "q" */
    0x0, 0x0, 0x7, 0xcf, 0xfd, 0x92, 0x0, 0x6e,
    0xe4, 0x0, 0x2, 0xef, 0xff, 0xff, 0xff, 0x50,
    0xff, 0xfe, 0x0, 0x2e, 0xff, 0xff, 0xff, 0xff,
    0xf6, 0xff, 0xff, 0x0, 0xbf, 0xff, 0xff, 0x97,
    0x9f, 0xfe, 0xff, 0xff, 0x3, 0xff, 0xff, 0xc1,
    0x0, 0x1, 0xcf, 0xff, 0xff, 0x8, 0xff, 0xff,
    0x10, 0x0, 0x0, 0x1f, 0xff, 0xff, 0xc, 0xff,
    0xfa, 0x0, 0x0, 0x0, 0x9, 0xff, 0xff, 0xe,
    0xff, 0xf6, 0x0, 0x0, 0x0, 0x5, 0xff, 0xff,
    0xf, 0xff, 0xf4, 0x0, 0x0, 0x0, 0x3, 0xff,
    0xff, 0xf, 0xff, 0xf4, 0x0, 0x0, 0x0, 0x3,
    0xff, 0xff, 0xe, 0xff, 0xf6, 0x0, 0x0, 0x0,
    0x5, 0xff, 0xff, 0xc, 0xff, 0xfa, 0x0, 0x0,
    0x0, 0x9, 0xff, 0xff, 0x8, 0xff, 0xff, 0x10,
    0x0, 0x0, 0x1f, 0xff, 0xff, 0x3, 0xff, 0xff,
    0xc1, 0x0, 0x1, 0xcf, 0xff, 0xff, 0x0, 0xbf,
    0xff, 0xfe, 0x97, 0x9e, 0xff, 0xff, 0xff, 0x0,
    0x2e, 0xff, 0xff, 0xff, 0xff, 0xf7, 0xff, 0xff,
    0x0, 0x2, 0xef, 0xff, 0xff, 0xff, 0x53, 0xff,
    0xff, 0x0, 0x0, 0x17, 0xcf, 0xfd, 0x92, 0x3,
    0xff, 0xff, 0x0, 0x0, 0x0, 0x0, 0x0, 0x0,
    0x3, 0xff, 0xff, 0x0, 0x0, 0x0, 0x0, 0x0,
    0x0, 0x3, 0xff, 0xff, 0x0, 0x0, 0x0, 0x0,
    0x0, 0x0, 0x3, 0xff, 0xff, 0x0, 0x0, 0x0,
    0x0, 0x0, 0x0, 0x3, 0xff, 0xff, 0x0, 0x0,
    0x0, 0x0, 0x0, 0x0, 0x1, 0xff, 0xfe, 0x0,
    0x0, 0x0, 0x0, 0x0, 0x0, 0x0, 0x7e, 0xe4,

    /* U+0072 "r" */
    0x9, 0xfc, 0x10, 0x4c, 0xfc, 0x13, 0xff, 0xf8,
    0x4f, 0xff, 0xf8, 0x5f, 0xff, 0xad, 0xff, 0xff,
    0x75, 0xff, 0xfe, 0xff, 0xff, 0xc1, 0x5f, 0xff,
    0xff, 0x62, 0x0, 0x5, 0xff, 0xff, 0x60, 0x0,
    0x0, 0x5f, 0xff, 0xf0, 0x0, 0x0, 0x5, 0xff,
    0xfe, 0x0, 0x0, 0x0, 0x5f, 0xff, 0xe0, 0x0,
    0x0, 0x5, 0xff, 0xfe, 0x0, 0x0, 0x0, 0x5f,
    0xff, 0xe0, 0x0, 0x0, 0x5, 0xff, 0xfe, 0x0,
    0x0, 0x0, 0x5f, 0xff, 0xe0, 0x0, 0x0, 0x5,
    0xff, 0xfe, 0x0, 0x0, 0x0, 0x5f, 0xff, 0xe0,
    0x0, 0x0, 0x5, 0xff, 0xfd, 0x0, 0x0, 0x0,
    0x3f, 0xff, 0xc0, 0x0, 0x0, 0x0, 0x9f, 0xd3,
    0x0, 0x0, 0x0,

    /* U+0073 "s" */
    0x0, 0x3, 0x9c, 0xef, 0xec, 0x82, 0x0, 0x0,
    0x0, 0xaf, 0xff, 0xff, 0xff, 0xff, 0x80, 0x0,
    0xb, 0xff, 0xff, 0xff, 0xff, 0xff, 0xf8, 0x0,
    0x4f, 0xff, 0xf9, 0x31, 0x39, 0xff, 0xff, 0x10,
    0x8f, 0xff, 0x90, 0x0, 0x0, 0x6f, 0xff, 0x30,
    0x9f, 0xff, 0x80, 0x0, 0x0, 0x5, 0xa7, 0x0,
    0x7f, 0xff, 0xf5, 0x0, 0x0, 0x0, 0x0, 0x0,
    0x1f, 0xff, 0xff, 0xea, 0x73, 0x0, 0x0, 0x0,
    0x4, 0xff, 0xff, 0xff, 0xff, 0xfa, 0x40, 0x0,
    0x0, 0x19, 0xff, 0xff, 0xff, 0xff, 0xfb, 0x0,
    0x0, 0x0, 0x3, 0x7b, 0xef, 0xff, 0xff, 0x80,
    0x0, 0x0, 0x0, 0x0, 0x4, 0xdf, 0xff, 0xe0,
    0x4d, 0xc2, 0x0, 0x0, 0x0, 0x3f, 0xff, 0xf0,
    0xcf, 0xfe, 0x20, 0x0, 0x0, 0x5f, 0xff, 0xe0,
    0xaf, 0xff, 0xe7, 0x21, 0x26, 0xef, 0xff, 0x90,
    0x2f, 0xff, 0xff, 0xff, 0xff, 0xff, 0xfd, 0x10,
    0x3, 0xdf, 0xff, 0xff, 0xff, 0xff, 0xc1, 0x0,
    0x0, 0x4, 0x9d, 0xef, 0xed, 0x94, 0x0, 0x0,

    /* U+0074 "t" */
    0x0, 0x1, 0x66, 0x0, 0x0, 0x0, 0x0, 0xdf,
    0xfb, 0x0, 0x0, 0x0, 0x1f, 0xff, 0xf0, 0x0,
    0x0, 0x2, 0xff, 0xff, 0x0, 0x0, 0x0, 0x2f,
    0xff, 0xf0, 0x0, 0x7, 0xff, 0xff, 0xff, 0xff,
    0xe3, 0xef, 0xff, 0xff, 0xff, 0xff, 0x8a, 0xff,
    0xff, 0xff, 0xff, 0xf5, 0x2, 0x5f, 0xff, 0xf4,
    0x31, 0x0, 0x2, 0xff, 0xff, 0x0, 0x0, 0x0,
    0x2f, 0xff, 0xf0, 0x0, 0x0, 0x2, 0xff, 0xff,
    0x0, 0x0, 0x0, 0x2f, 0xff, 0xf0, 0x0, 0x0,
    0x2, 0xff, 0xff, 0x0, 0x0, 0x0, 0x2f, 0xff,
    0xf0, 0x0, 0x0, 0x2, 0xff, 0xff, 0x0, 0x0,
    0x0, 0x2f, 0xff, 0xf0, 0x0, 0x0, 0x2, 0xff,
    0xff, 0x0, 0x0, 0x0, 0x2f, 0xff, 0xf3, 0x0,
    0x0, 0x0, 0xff, 0xff, 0xe9, 0x50, 0x0, 0xc,
    0xff, 0xff, 0xff, 0x80, 0x0, 0x4f, 0xff, 0xff,
    0xf9, 0x0, 0x0, 0x3b, 0xef, 0xea, 0x10,

    /* U+0075 "u" */
    0x9, 0xfc, 0x20, 0x0, 0x0, 0x0, 0x2d, 0xf9,
    0x4, 0xff, 0xfa, 0x0, 0x0, 0x0, 0xb, 0xff,
    0xf3, 0x6f, 0xff, 0xc0, 0x0, 0x0, 0x0, 0xdf,
    0xff, 0x56, 0xff, 0xfc, 0x0, 0x0, 0x0, 0xd,
    0xff, 0xf5, 0x6f, 0xff, 0xc0, 0x0, 0x0, 0x0,
    0xdf, 0xff, 0x56, 0xff, 0xfc, 0x0, 0x0, 0x0,
    0xd, 0xff, 0xf5, 0x6f, 0xff, 0xc0, 0x0, 0x0,
    0x0, 0xdf, 0xff, 0x56, 0xff, 0xfc, 0x0, 0x0,
    0x0, 0xd, 0xff, 0xf5, 0x6f, 0xff, 0xc0, 0x0,
    0x0, 0x0, 0xdf, 0xff, 0x56, 0xff, 0xfc, 0x0,
    0x0, 0x0, 0xd, 0xff, 0xf5, 0x6f, 0xff, 0xc0,
    0x0, 0x0, 0x0, 0xdf, 0xff, 0x56, 0xff, 0xfe,
    0x0, 0x0, 0x0, 0xf, 0xff, 0xf5, 0x5f, 0xff,
    0xf2, 0x0, 0x0, 0x5, 0xff, 0xff, 0x52, 0xff,
    0xff, 0xb1, 0x0, 0x3, 0xef, 0xff, 0xf5, 0xd,
    0xff, 0xff, 0xea, 0x9b, 0xff, 0xef, 0xff, 0x50,
    0x4f, 0xff, 0xff, 0xff, 0xff, 0xbb, 0xff, 0xf5,
    0x0, 0x6f, 0xff, 0xff, 0xff, 0xd1, 0x9f, 0xff,
    0x40, 0x0, 0x39, 0xdf, 0xfc, 0x70, 0x2, 0xcf,
    0x90,

    /* U+0076 "v" */
    0x9, 0xfd, 0x20, 0x0, 0x0, 0x0, 0x8, 0xfd,
    0x34, 0xff, 0xfa, 0x0, 0x0, 0x0, 0x2, 0xff,
    0xfb, 0x4f, 0xff, 0xf0, 0x0, 0x0, 0x0, 0x7f,
    0xff, 0xb0, 0xef, 0xff, 0x50, 0x0, 0x0, 0xd,
    0xff, 0xf5, 0x9, 0xff, 0xfa, 0x0, 0x0, 0x2,
    0xff, 0xff, 0x0, 0x3f, 0xff, 0xf0, 0x0, 0x0,
    0x7f, 0xff, 0x90, 0x0, 0xcf, 0xff, 0x50, 0x0,
    0xc, 0xff, 0xf3, 0x0, 0x6, 0xff, 0xfa, 0x0,
    0x1, 0xff, 0xfd, 0x0, 0x0, 0x1f, 0xff, 0xf0,
    0x0, 0x7f, 0xff, 0x70, 0x0, 0x0, 0xaf, 0xff,
    0x50, 0xc, 0xff, 0xf1, 0x0, 0x0, 0x4, 0xff,
    0xfa, 0x1, 0xff, 0xfb, 0x0, 0x0, 0x0, 0xe,
    0xff, 0xf0, 0x6f, 0xff, 0x50, 0x0, 0x0, 0x0,
    0x8f, 0xff, 0x4c, 0xff, 0xe0, 0x0, 0x0, 0x0,
    0x2, 0xff, 0xfb, 0xff, 0xf9, 0x0, 0x0, 0x0,
    0x0, 0xb, 0xff, 0xff, 0xff, 0x30, 0x0, 0x0,
    0x0, 0x0, 0x5f, 0xff, 0xff, 0xd0, 0x0, 0x0,
    0x0, 0x0, 0x0, 0xdf, 0xff, 0xf5, 0x0, 0x0,
    0x0, 0x0, 0x0, 0x2, 0xcf, 0xe7, 0x0, 0x0,
    0x0,

    /* U+0077 "w" */
    0xa, 0xfc, 0x10, 0x0, 0x0, 0x7, 0xee, 0x80,
    0x0, 0x0, 0x0, 0xcf, 0xa0, 0x4f, 0xff, 0x80,
    0x0, 0x0, 0x3f, 0xff, 0xf3, 0x0, 0x0, 0x7,
    0xff, 0xf5, 0x4f, 0xff, 0xc0, 0x0, 0x0, 0x8f,
    0xff, 0xf8, 0x0, 0x0, 0xb, 0xff, 0xf4, 0xf,
    0xff, 0xf0, 0x0, 0x0, 0xcf, 0xff, 0xfc, 0x0,
    0x0, 0xf, 0xff, 0xf0, 0xb, 0xff, 0xf4, 0x0,
    0x0, 0xff, 0xff, 0xff, 0x10, 0x0, 0x3f, 0xff,
    0xb0, 0x6, 0xff, 0xf8, 0x0, 0x4, 0xff, 0xcd,
    0xff, 0x50, 0x0, 0x7f, 0xff, 0x60, 0x1, 0xff,
    0xfc, 0x0, 0x8, 0xff, 0x89, 0xff, 0x90, 0x0,
    0xbf, 0xff, 0x20, 0x0, 0xdf, 0xff, 0x0, 0xc,
    0xff, 0x44, 0xff, 0xd0, 0x0, 0xff, 0xfd, 0x0,
    0x0, 0x8f, 0xff, 0x40, 0x1f, 0xff, 0x0, 0xff,
    0xf2, 0x3, 0xff, 0xf8, 0x0, 0x0, 0x3f, 0xff,
    0x80, 0x5f, 0xfb, 0x0, 0xbf, 0xf6, 0x7, 0xff,
    0xf3, 0x0, 0x0, 0xe, 0xff, 0xc0, 0x9f, 0xf6,
    0x0, 0x7f, 0xfa, 0xb, 0xff, 0xe0, 0x0, 0x0,
    0xa, 0xff, 0xf0, 0xdf, 0xf2, 0x0, 0x3f, 0xfe,
    0xe, 0xff, 0xa0, 0x0, 0x0, 0x5, 0xff, 0xf5,
    0xff, 0xd0, 0x0, 0xe, 0xff, 0x5f, 0xff, 0x50,
    0x0, 0x0, 0x1, 0xff, 0xfd, 0xff, 0x90, 0x0,
    0xa, 0xff, 0xdf, 0xff, 0x10, 0x0, 0x0, 0x0,
    0xcf, 0xff, 0xff, 0x50, 0x0, 0x5, 0xff, 0xff,
    0xfc, 0x0, 0x0, 0x0, 0x0, 0x7f, 0xff, 0xff,
    0x0, 0x0, 0x1, 0xff, 0xff, 0xf7, 0x0, 0x0,
    0x0, 0x0, 0x1f, 0xff, 0xfb, 0x0, 0x0, 0x0,
    0xbf, 0xff, 0xf1, 0x0, 0x0, 0x0, 0x0, 0x5,
    0xef, 0xb1, 0x0, 0x0, 0x0, 0x2c, 0xfe, 0x50,
    0x0, 0x0,

    /* U+0078 "x" */
    0x2d, 0xe8, 0x0, 0x0, 0x0, 0x2, 0xde, 0x70,
    0xaf, 0xff, 0x50, 0x0, 0x0, 0xd, 0xff, 0xf0,
    0x9f, 0xff, 0xe1, 0x0, 0x0, 0x8f, 0xff, 0xe0,
    0x1e, 0xff, 0xfb, 0x0, 0x3, 0xff, 0xff, 0x40,
    0x4, 0xff, 0xff, 0x60, 0xd, 0xff, 0xf8, 0x0,
    0x0, 0x8f, 0xff, 0xf2, 0x9f, 0xff, 0xc0, 0x0,
    0x0, 0xc, 0xff, 0xfd, 0xff, 0xfe, 0x10, 0x0,
    0x0, 0x1, 0xef, 0xff, 0xff, 0xf4, 0x0, 0x0,
    0x0, 0x0, 0x4f, 0xff, 0xff, 0x80, 0x0, 0x0,
    0x0, 0x0, 0x4f, 0xff, 0xff, 0xa0, 0x0, 0x0,
    0x0, 0x1, 0xef, 0xff, 0xff, 0xf5, 0x0, 0x0,
    0x0, 0xb, 0xff, 0xfc, 0xff, 0xff, 0x20, 0x0,
    0x0, 0x8f, 0xff, 0xc0, 0xbf, 0xff, 0xc0, 0x0,
    0x4, 0xff, 0xff, 0x20, 0x1e, 0xff, 0xf9, 0x0,
    0x1e, 0xff, 0xf6, 0x0, 0x5, 0xff, 0xff, 0x40,
    0xaf, 0xff, 0xb0, 0x0, 0x0, 0xaf, 0xff, 0xd0,
    0xdf, 0xff, 0x10, 0x0, 0x0, 0x1e, 0xff, 0xf0,
    0x4e, 0xe4, 0x0, 0x0, 0x0, 0x3, 0xde, 0x60,

    /* U+0079 "y" */
    0x9, 0xfd, 0x20, 0x0, 0x0, 0x0, 0x2, 0xdf,
    0x80, 0x4f, 0xff, 0xb0, 0x0, 0x0, 0x0, 0xb,
    0xff, 0xf2, 0x4f, 0xff, 0xf1, 0x0, 0x0, 0x0,
    0x1f, 0xff, 0xf1, 0xf, 0xff, 0xf6, 0x0, 0x0,
    0x0, 0x6f, 0xff, 0xd0, 0x9, 0xff, 0xfb, 0x0,
    0x0, 0x0, 0xcf, 0xff, 0x70, 0x3, 0xff, 0xff,
    0x10, 0x0, 0x1, 0xff, 0xff, 0x10, 0x0, 0xdf,
    0xff, 0x60, 0x0, 0x7, 0xff, 0xfb, 0x0, 0x0,
    0x6f, 0xff, 0xc0, 0x0, 0xc, 0xff, 0xf5, 0x0,
    0x0, 0x1f, 0xff, 0xf1, 0x0, 0x1f, 0xff, 0xe0,
    0x0, 0x0, 0xa, 0xff, 0xf6, 0x0, 0x7f, 0xff,
    0x80, 0x0, 0x0, 0x4, 0xff, 0xfc, 0x0, 0xcf,
    0xff, 0x20, 0x0, 0x0, 0x0, 0xdf, 0xff, 0x12,
    0xff, 0xfc, 0x0, 0x0, 0x0, 0x0, 0x7f, 0xff,
    0x67, 0xff, 0xf6, 0x0, 0x0, 0x0, 0x0, 0x1f,
    0xff, 0xcc, 0xff, 0xf1, 0x0, 0x0, 0x0, 0x0,
    0xb, 0xff, 0xff, 0xff, 0xa0, 0x0, 0x0, 0x0,
    0x0, 0x5, 0xff, 0xff, 0xff, 0x40, 0x0, 0x0,
    0x0, 0x0, 0x0, 0xef, 0xff, 0xfe, 0x0, 0x0,
    0x0, 0x0, 0x0, 0x0, 0x8f, 0xff, 0xf8, 0x0,
    0x0, 0x0, 0x0, 0x0, 0x0, 0xaf, 0xff, 0xf2,
    0x0, 0x0, 0x0, 0x0, 0x0, 0x3, 0xff, 0xff,
    0xa0, 0x0, 0x0, 0x0, 0x0, 0x46, 0x8e, 0xff,
    0xff, 0x30, 0x0, 0x0, 0x0, 0x8, 0xff, 0xff,
    0xff, 0xf8, 0x0, 0x0, 0x0, 0x0, 0x8, 0xff,
    0xff, 0xff, 0xa0, 0x0, 0x0, 0x0, 0x0, 0x1,
    0xae, 0xfe, 0xb5, 0x0, 0x0, 0x0, 0x0, 0x0,

    /* U+007A "z" */
    0x5e, 0xff, 0xff, 0xff, 0xff, 0xff, 0xf9, 0xb,
    0xff, 0xff, 0xff, 0xff, 0xff, 0xff, 0xf3, 0x8f,
    0xff, 0xff, 0xff, 0xff, 0xff, 0xff, 0x20, 0x34,
    0x44, 0x44, 0x44, 0xef, 0xff, 0xb0, 0x0, 0x0,
    0x0, 0x0, 0x7f, 0xff, 0xe1, 0x0, 0x0, 0x0,
    0x0, 0x3f, 0xff, 0xf5, 0x0, 0x0, 0x0, 0x0,
    0x1e, 0xff, 0xf9, 0x0, 0x0, 0x0, 0x0, 0xb,
    0xff, 0xfd, 0x0, 0x0, 0x0, 0x0, 0x7, 0xff,
    0xff, 0x20, 0x0, 0x0, 0x0, 0x4, 0xff, 0xff,
    0x50, 0x0, 0x0, 0x0, 0x1, 0xef, 0xff, 0xa0,
    0x0, 0x0, 0x0, 0x0, 0xbf, 0xff, 0xd0, 0x0,
    0x0, 0x0, 0x0, 0x8f, 0xff, 0xf3, 0x0, 0x0,
    0x0, 0x0, 0x4f, 0xff, 0xf6, 0x0, 0x0, 0x0,
    0x0, 0x1e, 0xff, 0xfd, 0x55, 0x55, 0x55, 0x43,
    0x8, 0xff, 0xff, 0xff, 0xff, 0xff, 0xff, 0xf6,
    0x9f, 0xff, 0xff, 0xff, 0xff, 0xff, 0xff, 0x92,
    0xdf, 0xff, 0xff, 0xff, 0xff, 0xff, 0xe3,

    /* U+007B "{" */
    0x0, 0x0, 0x0, 0x28, 0xdf, 0xfc, 0x20, 0x0,
    0x0, 0x4f, 0xff, 0xff, 0xf9, 0x0, 0x0, 0x1f,
    0xff, 0xff, 0xff, 0x50, 0x0, 0x7, 0xff, 0xff,
    0x94, 0x0, 0x0, 0x0, 0xaf, 0xff, 0x90, 0x0,
    0x0, 0x0, 0xc, 0xff, 0xf4, 0x0, 0x0, 0x0,
    0x0, 0xcf, 0xff, 0x30, 0x0, 0x0, 0x0, 0xc,
    0xff, 0xf3, 0x0, 0x0, 0x0, 0x0, 0xcf, 0xff,
    0x30, 0x0, 0x0, 0x0, 0xd, 0xff, 0xf3, 0x0,
    0x0, 0x0, 0x0, 0xff, 0xff, 0x20, 0x0, 0x0,
    0x0, 0x8f, 0xff, 0xf0, 0x0, 0x0, 0x8, 0xdf,
    0xff, 0xf9, 0x0, 0x0, 0x9, 0xff, 0xff, 0xf7,
    0x0, 0x0, 0x0, 0xcf, 0xff, 0x50, 0x0, 0x0,
    0x0, 0xa, 0xff, 0xff, 0xd5, 0x0, 0x0, 0x0,
    0x19, 0xef, 0xff, 0xf7, 0x0, 0x0, 0x0, 0x0,
    0x9f, 0xff, 0xf0, 0x0, 0x0, 0x0, 0x1, 0xff,
    0xff, 0x20, 0x0, 0x0, 0x0, 0xd, 0xff, 0xf3,
    0x0, 0x0, 0x0, 0x0, 0xcf, 0xff, 0x30, 0x0,
    0x0, 0x0, 0xc, 0xff, 0xf3, 0x0, 0x0, 0x0,
    0x0, 0xcf, 0xff, 0x30, 0x0, 0x0, 0x0, 0xc,
    0xff, 0xf4, 0x0, 0x0, 0x0, 0x0, 0xbf, 0xff,
    0x80, 0x0, 0x0, 0x0, 0x7, 0xff, 0xff, 0x72,
    0x0, 0x0, 0x0, 0x1f, 0xff, 0xff, 0xfe, 0x40,
    0x0, 0x0, 0x6f, 0xff, 0xff, 0xf9, 0x0, 0x0,
    0x0, 0x3b, 0xff, 0xfe, 0x30, 0x0, 0x0, 0x0,
    0x0, 0x11, 0x0,

    /* U+007C "|" */
    0x2d, 0xe6, 0xa, 0xff, 0xf0, 0xcf, 0xff, 0xc,
    0xff, 0xf1, 0xcf, 0xff, 0x1c, 0xff, 0xf1, 0xcf,
    0xff, 0x1c, 0xff, 0xf1, 0xcf, 0xff, 0x1c, 0xff,
    0xf1, 0xcf, 0xff, 0x1c, 0xff, 0xf1, 0xcf, 0xff,
    0x1c, 0xff, 0xf1, 0xcf, 0xff, 0x1c, 0xff, 0xf1,
    0xcf, 0xff, 0x1c, 0xff, 0xf1, 0xcf, 0xff, 0x1c,
    0xff, 0xf1, 0xcf, 0xff, 0x1c, 0xff, 0xf1, 0xcf,
    0xff, 0x1c, 0xff, 0xf1, 0xcf, 0xff, 0x1c, 0xff,
    0xf1, 0xcf, 0xff, 0x1c, 0xff, 0xf0, 0xaf, 0xff,
    0x2, 0xde, 0x60,

    /* U+007D "}" */
    0xa, 0xff, 0xda, 0x40, 0x0, 0x0, 0x0, 0x4f,
    0xff, 0xff, 0xf8, 0x0, 0x0, 0x0, 0x1e, 0xff,
    0xff, 0xff, 0x50, 0x0, 0x0, 0x0, 0x37, 0xff,
    0xff, 0xc0, 0x0, 0x0, 0x0, 0x0, 0x4f, 0xff,
    0xf0, 0x0, 0x0, 0x0, 0x0, 0xf, 0xff, 0xf1,
    0x0, 0x0, 0x0, 0x0, 0xe, 0xff, 0xf1, 0x0,
    0x0, 0x0, 0x0, 0xe, 0xff, 0xf1, 0x0, 0x0,
    0x0, 0x0, 0xe, 0xff, 0xf1, 0x0, 0x0, 0x0,
    0x0, 0xe, 0xff, 0xf2, 0x0, 0x0, 0x0, 0x0,
    0xd, 0xff, 0xf4, 0x0, 0x0, 0x0, 0x0, 0xb,
    0xff, 0xfc, 0x0, 0x0, 0x0, 0x0, 0x4, 0xff,
    0xff, 0xe9, 0x20, 0x0, 0x0, 0x0, 0x4d, 0xff,
    0xff, 0xe0, 0x0, 0x0, 0x0, 0x0, 0x3d, 0xff,
    0xf1, 0x0, 0x0, 0x0, 0x3c, 0xff, 0xff, 0xe0,
    0x0, 0x0, 0x3, 0xff, 0xff, 0xfb, 0x40, 0x0,
    0x0, 0xa, 0xff, 0xfd, 0x10, 0x0, 0x0, 0x0,
    0xd, 0xff, 0xf5, 0x0, 0x0, 0x0, 0x0, 0xe,
    0xff, 0xf2, 0x0, 0x0, 0x0, 0x0, 0xe, 0xff,
    0xf1, 0x0, 0x0, 0x0, 0x0, 0xe, 0xff, 0xf1,
    0x0, 0x0, 0x0, 0x0, 0xe, 0xff, 0xf1, 0x0,
    0x0, 0x0, 0x0, 0xf, 0xff, 0xf1, 0x0, 0x0,
    0x0, 0x0, 0x3f, 0xff, 0xf0, 0x0, 0x0, 0x0,
    0x15, 0xef, 0xff, 0xc0, 0x0, 0x0, 0x1c, 0xff,
    0xff, 0xff, 0x60, 0x0, 0x0, 0x4f, 0xff, 0xff,
    0xfb, 0x0, 0x0, 0x0, 0xc, 0xff, 0xfc, 0x60,
    0x0, 0x0, 0x0, 0x0, 0x11, 0x0, 0x0, 0x0,
    0x0, 0x0,

    /* U+007E "~" */
    0x0, 0x4b, 0xff, 0xc6, 0x0, 0x0, 0x0, 0x7f,
    0xb0, 0x5, 0xff, 0xff, 0xff, 0xc1, 0x0, 0x0,
    0xff, 0xf4, 0x2f, 0xff, 0xff, 0xff, 0xfd, 0x20,
    0x5, 0xff, 0xf4, 0x8f, 0xff, 0xd9, 0xdf, 0xff,
    0xf9, 0x7e, 0xff, 0xf1, 0xbf, 0xfe, 0x0, 0x9,
    0xff, 0xff, 0xff, 0xff, 0xa0, 0xbf, 0xf9, 0x0,
    0x0, 0x5f, 0xff, 0xff, 0xfd, 0x10, 0x4e, 0xd2,
    0x0, 0x0, 0x1, 0x9d, 0xfe, 0x91, 0x0
};


/*---------------------
 *  GLYPH DESCRIPTION
 *--------------------*/

static const lv_font_fmt_txt_glyph_dsc_t glyph_dsc[] = {
    {.bitmap_index = 0, .adv_w = 0, .box_w = 0, .box_h = 0, .ofs_x = 0, .ofs_y = 0} /* id = 0 reserved */,
    {.bitmap_index = 0, .adv_w = 109, .box_w = 0, .box_h = 0, .ofs_x = 0, .ofs_y = 0},
    {.bitmap_index = 0, .adv_w = 163, .box_w = 6, .box_h = 24, .ofs_x = 2, .ofs_y = 0},
    {.bitmap_index = 72, .adv_w = 236, .box_w = 12, .box_h = 10, .ofs_x = 1, .ofs_y = 14},
    {.bitmap_index = 132, .adv_w = 341, .box_w = 23, .box_h = 24, .ofs_x = -1, .ofs_y = 0},
    {.bitmap_index = 408, .adv_w = 344, .box_w = 18, .box_h = 30, .ofs_x = 2, .ofs_y = -3},
    {.bitmap_index = 678, .adv_w = 462, .box_w = 27, .box_h = 24, .ofs_x = 1, .ofs_y = 0},
    {.bitmap_index = 1002, .adv_w = 376, .box_w = 21, .box_h = 24, .ofs_x = 1, .ofs_y = 0},
    {.bitmap_index = 1254, .adv_w = 121, .box_w = 5, .box_h = 10, .ofs_x = 1, .ofs_y = 14},
    {.bitmap_index = 1279, .adv_w = 197, .box_w = 8, .box_h = 30, .ofs_x = 3, .ofs_y = -6},
    {.bitmap_index = 1399, .adv_w = 197, .box_w = 9, .box_h = 30, .ofs_x = 1, .ofs_y = -6},
    {.bitmap_index = 1534, .adv_w = 236, .box_w = 13, .box_h = 13, .ofs_x = 1, .ofs_y = 11},
    {.bitmap_index = 1619, .adv_w = 344, .box_w = 18, .box_h = 19, .ofs_x = 2, .ofs_y = 1},
    {.bitmap_index = 1790, .adv_w = 147, .box_w = 6, .box_h = 10, .ofs_x = 1, .ofs_y = -6},
    {.bitmap_index = 1820, .adv_w = 238, .box_w = 13, .box_h = 4, .ofs_x = 1, .ofs_y = 8},
    {.bitmap_index = 1846, .adv_w = 147, .box_w = 5, .box_h = 5, .ofs_x = 2, .ofs_y = 0},
    {.bitmap_index = 1859, .adv_w = 197, .box_w = 12, .box_h = 30, .ofs_x = 0, .ofs_y = -6},
    {.bitmap_index = 2039, .adv_w = 348, .box_w = 20, .box_h = 24, .ofs_x = 1, .ofs_y = 0},
    {.bitmap_index = 2279, .adv_w = 254, .box_w = 12, .box_h = 24, .ofs_x = 1, .ofs_y = 0},
    {.bitmap_index = 2423, .adv_w = 321, .box_w = 18, .box_h = 24, .ofs_x = 1, .ofs_y = 0},
    {.bitmap_index = 2639, .adv_w = 336, .box_w = 19, .box_h = 24, .ofs_x = 1, .ofs_y = 0},
    {.bitmap_index = 2867, .adv_w = 345, .box_w = 20, .box_h = 24, .ofs_x = 1, .ofs_y = 0},
    {.bitmap_index = 3107, .adv_w = 333, .box_w = 18, .box_h = 24, .ofs_x = 2, .ofs_y = 0},
    {.bitmap_index = 3323, .adv_w = 342, .box_w = 20, .box_h = 24, .ofs_x = 1, .ofs_y = 0},
    {.bitmap_index = 3563, .adv_w = 307, .box_w = 18, .box_h = 24, .ofs_x = 0, .ofs_y = 0},
    {.bitmap_index = 3779, .adv_w = 345, .box_w = 20, .box_h = 24, .ofs_x = 1, .ofs_y = 0},
    {.bitmap_index = 4019, .adv_w = 342, .box_w = 19, .box_h = 24, .ofs_x = 1, .ofs_y = 0},
    {.bitmap_index = 4247, .adv_w = 147, .box_w = 5, .box_h = 17, .ofs_x = 2, .ofs_y = 0},
    {.bitmap_index = 4290, .adv_w = 147, .box_w = 6, .box_h = 22, .ofs_x = 1, .ofs_y = -6},
    {.bitmap_index = 4356, .adv_w = 344, .box_w = 18, .box_h = 17, .ofs_x = 2, .ofs_y = 1},
    {.bitmap_index = 4509, .adv_w = 344, .box_w = 18, .box_h = 12, .ofs_x = 2, .ofs_y = 4},
    {.bitmap_index = 4617, .adv_w = 344, .box_w = 19, .box_h = 17, .ofs_x = 1, .ofs_y = 1},
    {.bitmap_index = 4779, .adv_w = 282, .box_w = 16, .box_h = 24, .ofs_x = 1, .ofs_y = 0},
    {.bitmap_index = 4971, .adv_w = 479, .box_w = 28, .box_h = 28, .ofs_x = 1, .ofs_y = -4},
    {.bitmap_index = 5363, .adv_w = 365, .box_w = 21, .box_h = 24, .ofs_x = 1, .ofs_y = 0},
    {.bitmap_index = 5615, .adv_w = 342, .box_w = 19, .box_h = 24, .ofs_x = 2, .ofs_y = 0},
    {.bitmap_index = 5843, .adv_w = 383, .box_w = 22, .box_h = 24, .ofs_x = 1, .ofs_y = 0},
    {.bitmap_index = 6107, .adv_w = 377, .box_w = 21, .box_h = 24, .ofs_x = 2, .ofs_y = 0},
    {.bitmap_index = 6359, .adv_w = 308, .box_w = 16, .box_h = 24, .ofs_x = 2, .ofs_y = 0},
    {.bitmap_index = 6551, .adv_w = 295, .box_w = 16, .box_h = 24, .ofs_x = 2, .ofs_y = 0},
    {.bitmap_index = 6743, .adv_w = 392, .box_w = 23, .box_h = 24, .ofs_x = 1, .ofs_y = 0},
    {.bitmap_index = 7019, .adv_w = 391, .box_w = 21, .box_h = 24, .ofs_x = 2, .ofs_y = 0},
    {.bitmap_index = 7271, .adv_w = 137, .box_w = 5, .box_h = 24, .ofs_x = 2, .ofs_y = 0},
    {.bitmap_index = 7331, .adv_w = 292, .box_w = 17, .box_h = 24, .ofs_x = 0, .ofs_y = 0},
    {.bitmap_index = 7535, .adv_w = 351, .box_w = 19, .box_h = 24, .ofs_x = 2, .ofs_y = 0},
    {.bitmap_index = 7763, .adv_w = 292, .box_w = 16, .box_h = 24, .ofs_x = 2, .ofs_y = 0},
    {.bitmap_index = 7955, .adv_w = 464, .box_w = 25, .box_h = 24, .ofs_x = 2, .ofs_y = 0},
    {.bitmap_index = 8255, .adv_w = 386, .box_w = 21, .box_h = 24, .ofs_x = 2, .ofs_y = 0},
    {.bitmap_index = 8507, .adv_w = 406, .box_w = 24, .box_h = 24, .ofs_x = 1, .ofs_y = 0},
    {.bitmap_index = 8795, .adv_w = 329, .box_w = 18, .box_h = 24, .ofs_x = 2, .ofs_y = 0},
    {.bitmap_index = 9011, .adv_w = 405, .box_w = 24, .box_h = 27, .ofs_x = 1, .ofs_y = -3},
    {.bitmap_index = 9335, .adv_w = 341, .box_w = 18, .box_h = 24, .ofs_x = 2, .ofs_y = 0},
    {.bitmap_index = 9551, .adv_w = 337, .box_w = 19, .box_h = 24, .ofs_x = 1, .ofs_y = 0},
    {.bitmap_index = 9779, .adv_w = 324, .box_w = 20, .box_h = 24, .ofs_x = 0, .ofs_y = 0},
    {.bitmap_index = 10019, .adv_w = 383, .box_w = 20, .box_h = 24, .ofs_x = 2, .ofs_y = 0},
    {.bitmap_index = 10259, .adv_w = 360, .box_w = 22, .box_h = 24, .ofs_x = 0, .ofs_y = 0},
    {.bitmap_index = 10523, .adv_w = 518, .box_w = 31, .box_h = 24, .ofs_x = 1, .ofs_y = 0},
    {.bitmap_index = 10895, .adv_w = 364, .box_w = 21, .box_h = 24, .ofs_x = 1, .ofs_y = 0},
    {.bitmap_index = 11147, .adv_w = 352, .box_w = 22, .box_h = 24, .ofs_x = 0, .ofs_y = 0},
    {.bitmap_index = 11411, .adv_w = 341, .box_w = 20, .box_h = 24, .ofs_x = 1, .ofs_y = 0},
    {.bitmap_index = 11651, .adv_w = 197, .box_w = 10, .box_h = 30, .ofs_x = 3, .ofs_y = -6},
    {.bitmap_index = 11801, .adv_w = 197, .box_w = 12, .box_h = 30, .ofs_x = 0, .ofs_y = -6},
    {.bitmap_index = 11981, .adv_w = 197, .box_w = 9, .box_h = 30, .ofs_x = 0, .ofs_y = -6},
    {.bitmap_index = 12116, .adv_w = 236, .box_w = 13, .box_h = 11, .ofs_x = 1, .ofs_y = 12},
    {.bitmap_index = 12188, .adv_w = 225, .box_w = 18, .box_h = 4, .ofs_x = -2, .ofs_y = -5},
    {.bitmap_index = 12224, .adv_w = 268, .box_w = 7, .box_h = 7, .ofs_x = 5, .ofs_y = 21},
    {.bitmap_index = 12249, .adv_w = 290, .box_w = 17, .box_h = 18, .ofs_x = 0, .ofs_y = 0},
    {.bitmap_index = 12402, .adv_w = 317, .box_w = 18, .box_h = 24, .ofs_x = 1, .ofs_y = 0},
    {.bitmap_index = 12618, .adv_w = 288, .box_w = 17, .box_h = 18, .ofs_x = 0, .ofs_y = 0},
    {.bitmap_index = 12771, .adv_w = 316, .box_w = 18, .box_h = 24, .ofs_x = 0, .ofs_y = 0},
    {.bitmap_index = 12987, .adv_w = 294, .box_w = 18, .box_h = 18, .ofs_x = 0, .ofs_y = 0},
    {.bitmap_index = 13149, .adv_w = 184, .box_w = 11, .box_h = 24, .ofs_x = 0, .ofs_y = 0},
    {.bitmap_index = 13281, .adv_w = 315, .box_w = 19, .box_h = 24, .ofs_x = 0, .ofs_y = -6},
    {.bitmap_index = 13509, .adv_w = 310, .box_w = 17, .box_h = 24, .ofs_x = 1, .ofs_y = 0},
    {.bitmap_index = 13713, .adv_w = 124, .box_w = 6, .box_h = 24, .ofs_x = 1, .ofs_y = 0},
    {.bitmap_index = 13785, .adv_w = 124, .box_w = 9, .box_h = 30, .ofs_x = -2, .ofs_y = -6},
    {.bitmap_index = 13920, .adv_w = 283, .box_w = 16, .box_h = 24, .ofs_x = 1, .ofs_y = 0},
    {.bitmap_index = 14112, .adv_w = 125, .box_w = 5, .box_h = 24, .ofs_x = 1, .ofs_y = 0},
    {.bitmap_index = 14172, .adv_w = 459, .box_w = 27, .box_h = 18, .ofs_x = 1, .ofs_y = 0},
    {.bitmap_index = 14415, .adv_w = 304, .box_w = 17, .box_h = 18, .ofs_x = 1, .ofs_y = 0},
    {.bitmap_index = 14568, .adv_w = 304, .box_w = 19, .box_h = 18, .ofs_x = 0, .ofs_y = 0},
    {.bitmap_index = 14739, .adv_w = 315, .box_w = 18, .box_h = 24, .ofs_x = 1, .ofs_y = -6},
    {.bitmap_index = 14955, .adv_w = 315, .box_w = 18, .box_h = 24, .ofs_x = 0, .ofs_y = -6},
    {.bitmap_index = 15171, .adv_w = 188, .box_w = 11, .box_h = 18, .ofs_x = 1, .ofs_y = 0},
    {.bitmap_index = 15270, .adv_w = 271, .box_w = 16, .box_h = 18, .ofs_x = 1, .ofs_y = 0},
    {.bitmap_index = 15414, .adv_w = 184, .box_w = 11, .box_h = 23, .ofs_x = 0, .ofs_y = 0},
    {.bitmap_index = 15541, .adv_w = 304, .box_w = 17, .box_h = 18, .ofs_x = 1, .ofs_y = 0},
    {.bitmap_index = 15694, .adv_w = 279, .box_w = 17, .box_h = 18, .ofs_x = 0, .ofs_y = 0},
    {.bitmap_index = 15847, .adv_w = 416, .box_w = 26, .box_h = 18, .ofs_x = 0, .ofs_y = 0},
    {.bitmap_index = 16081, .adv_w = 277, .box_w = 16, .box_h = 18, .ofs_x = 1, .ofs_y = 0},
    {.bitmap_index = 16225, .adv_w = 285, .box_w = 18, .box_h = 24, .ofs_x = 0, .ofs_y = -6},
    {.bitmap_index = 16441, .adv_w = 268, .box_w = 15, .box_h = 18, .ofs_x = 1, .ofs_y = 0},
    {.bitmap_index = 16576, .adv_w = 197, .box_w = 13, .box_h = 30, .ofs_x = 0, .ofs_y = -6},
    {.bitmap_index = 16771, .adv_w = 197, .box_w = 5, .box_h = 30, .ofs_x = 4, .ofs_y = -6},
    {.bitmap_index = 16846, .adv_w = 197, .box_w = 14, .box_h = 30, .ofs_x = -1, .ofs_y = -6},
    {.bitmap_index = 17056, .adv_w = 344, .box_w = 18, .box_h = 7, .ofs_x = 2, .ofs_y = 6}
};

/*---------------------
 *  CHARACTER MAPPING
 *--------------------*/



/*Collect the unicode lists and glyph_id offsets*/
static const lv_font_fmt_txt_cmap_t cmaps[] =
{
    {
        .range_start = 32, .range_length = 95, .glyph_id_start = 1,
        .unicode_list = NULL, .glyph_id_ofs_list = NULL, .list_length = 0, .type = LV_FONT_FMT_TXT_CMAP_FORMAT0_TINY
    }
};

/*-----------------
 *    KERNING
 *----------------*/


/*Pair left and right glyphs for kerning*/
static const uint8_t kern_pair_glyph_ids[] =
{
    3, 3,
    3, 7,
    3, 8,
    3, 11,
    3, 13,
    3, 15,
    3, 21,
    3, 63,
    7, 3,
    7, 8,
    7, 11,
    7, 12,
    7, 14,
    7, 18,
    7, 20,
    7, 22,
    7, 25,
    7, 26,
    7, 29,
    7, 30,
    7, 32,
    7, 61,
    7, 63,
    8, 3,
    8, 7,
    8, 8,
    8, 11,
    8, 13,
    8, 15,
    8, 21,
    8, 63,
    11, 3,
    11, 7,
    11, 8,
    11, 11,
    11, 13,
    11, 15,
    11, 21,
    11, 24,
    11, 63,
    12, 18,
    13, 1,
    13, 3,
    13, 8,
    13, 11,
    13, 17,
    13, 18,
    13, 20,
    13, 21,
    13, 22,
    13, 23,
    13, 24,
    13, 63,
    14, 18,
    15, 1,
    15, 3,
    15, 8,
    15, 11,
    15, 17,
    15, 18,
    15, 20,
    15, 21,
    15, 22,
    15, 23,
    15, 24,
    15, 63,
    16, 7,
    17, 13,
    17, 15,
    17, 18,
    17, 19,
    17, 22,
    17, 24,
    18, 11,
    18, 13,
    18, 15,
    18, 26,
    18, 63,
    19, 17,
    19, 21,
    19, 23,
    20, 13,
    20, 15,
    20, 17,
    20, 23,
    21, 7,
    21, 11,
    21, 17,
    21, 18,
    21, 23,
    21, 24,
    21, 32,
    21, 63,
    22, 13,
    22, 15,
    23, 13,
    23, 15,
    24, 7,
    24, 13,
    24, 15,
    24, 17,
    24, 21,
    24, 23,
    24, 27,
    24, 28,
    24, 29,
    25, 13,
    25, 15,
    25, 17,
    25, 23,
    26, 13,
    26, 15,
    26, 18,
    26, 19,
    26, 22,
    26, 24,
    27, 19,
    27, 20,
    28, 19,
    28, 20,
    30, 7,
    31, 24,
    32, 7,
    32, 21,
    63, 3,
    63, 7,
    63, 8,
    63, 11,
    63, 13,
    63, 15,
    63, 21,
    63, 24,
    63, 63,
    64, 18
};

/* Kerning between the respective left and right glyphs
 * 4.4 format which needs to scaled with `kern_scale`*/
static const int8_t kern_pair_values[] =
{
    3, -3, 3, 3, -18, -18, -11, 3,
    -11, -11, -5, -5, -5, -3, -3, -5,
    -3, -3, -5, -5, -8, -5, -5, 3,
    -3, 3, 3, -18, -18, -11, 3, 3,
    -15, 3, 5, -18, -18, -19, -3, 5,
    -13, -30, -18, -18, -14, -5, -29, -4,
    3, 1, -5, -17, -14, -13, -30, -18,
    -18, -14, -5, -29, -4, 3, 1, -5,
    -17, -14, -5, -12, -12, -3, -3, -2,
    -10, -9, -9, -9, -1, -9, -1, -9,
    -1, -5, -5, -1, -1, 3, -3, -1,
    -2, -1, -5, -5, -3, -2, -2, -3,
    -3, -5, -58, -58, -5, -32, -5, -7,
    -7, -20, -5, -5, -1, -1, -12, -12,
    -3, -3, -2, -10, 1, -2, 1, -2,
    -5, -22, -5, -5, 3, -15, 3, 5,
    -18, -18, -19, -3, 5, -9
};

/*Collect the kern pair's data in one place*/
static const lv_font_fmt_txt_kern_pair_t kern_pairs =
{
    .glyph_ids = kern_pair_glyph_ids,
    .values = kern_pair_values,
    .pair_cnt = 134,
    .glyph_ids_size = 0
};

/*--------------------
 *  ALL CUSTOM DATA
 *--------------------*/

#if LVGL_VERSION_MAJOR == 8
/*Store all the custom data of the font*/
static  lv_font_fmt_txt_glyph_cache_t cache;
#endif

#if LVGL_VERSION_MAJOR >= 8
static const lv_font_fmt_txt_dsc_t font_dsc = {
#else
static lv_font_fmt_txt_dsc_t font_dsc = {
#endif
    .glyph_bitmap = glyph_bitmap,
    .glyph_dsc = glyph_dsc,
    .cmaps = cmaps,
    .kern_dsc = &kern_pairs,
    .kern_scale = 16,
    .cmap_num = 1,
    .bpp = 4,
    .kern_classes = 0,
    .bitmap_format = 0,
#if LVGL_VERSION_MAJOR == 8
    .cache = &cache
#endif
};



/*-----------------
 *  PUBLIC FONT
 *----------------*/

/*Initialize a public general font descriptor*/
#if LVGL_VERSION_MAJOR >= 8
const lv_font_t frij_sf_display = {
#else
lv_font_t frij_sf_display = {
#endif
    .get_glyph_dsc = lv_font_get_glyph_dsc_fmt_txt,    /*Function pointer to get glyph's data*/
    .get_glyph_bitmap = lv_font_get_bitmap_fmt_txt,    /*Function pointer to get glyph's bitmap*/
    .line_height = 34,          /*The maximum line height required by the font*/
    .base_line = 6,             /*Baseline measured from the bottom of the line*/
#if !(LVGL_VERSION_MAJOR == 6 && LVGL_VERSION_MINOR == 0)
    .subpx = LV_FONT_SUBPX_NONE,
#endif
#if LV_VERSION_CHECK(7, 4, 0) || LVGL_VERSION_MAJOR >= 8
    .underline_position = -5,
    .underline_thickness = 3,
#endif
    .dsc = &font_dsc,          /*The custom font data. Will be accessed by `get_glyph_bitmap/dsc` */
#if LV_VERSION_CHECK(8, 2, 0) || LVGL_VERSION_MAJOR >= 9
    .fallback = NULL,
#endif
    .user_data = NULL,
};



#endif /*#if FRIJ_SF_DISPLAY*/

